Entity,Code,Year,death_count - Cause: Diarrhoeal diseases - Sex: Both sexes - Age_group: ALLAges
Afghanistan,AFG,2000,14738.96
Afghanistan,AFG,2001,13326.04
Afghanistan,AFG,2002,14615.51
Afghanistan,AFG,2003,15682.32
Afghanistan,AFG,2004,14870.62
Afghanistan,AFG,2005,13664.74
Afghanistan,AFG,2006,11651.5
Afghanistan,AFG,2007,12125.69
Afghanistan,AFG,2008,11448.18
Afghanistan,AFG,2009,10383.5
Afghanistan,AFG,2010,10036.73
Afghanistan,AFG,2011,9201.07
Afghanistan,AFG,2012,8461.4
Afghanistan,AFG,2013,8422.21
Afghanistan,AFG,2014,7916.37
Afghanistan,AFG,2015,7269.42
Afghanistan,AFG,2016,6828.76
Afghanistan,AFG,2017,6161.28
Afghanistan,AFG,2018,5557.71
Afghanistan,AFG,2019,5555.32
Africa,,2000,881564.44
Africa,,2001,847922.56
Africa,,2002,820314.1
Africa,,2003,765553.25
Africa,,2004,748637.4
Africa,,2005,715362.7
Africa,,2006,730546.06
Africa,,2007,717899.1
Africa,,2008,697215.9
Africa,,2009,682510.7
Africa,,2010,667474.6
Africa,,2011,647943.7
Africa,,2012,635710.3
Africa,,2013,621478.44
Africa,,2014,612302
Africa,,2015,597017.7
Africa,,2016,587087.94
Africa,,2017,576010.3
Africa,,2018,553749.7
Africa,,2019,523441.78
Albania,ALB,2000,51.04
Albania,ALB,2001,41.58
Albania,ALB,2002,35.35
Albania,ALB,2003,30.08
Albania,ALB,2004,25.06
Albania,ALB,2005,21.77
Albania,ALB,2006,19
Albania,ALB,2007,16.96
Albania,ALB,2008,15.28
Albania,ALB,2009,13.19
Albania,ALB,2010,12.04
Albania,ALB,2011,11.02
Albania,ALB,2012,10.54
Albania,ALB,2013,9.82
Albania,ALB,2014,9.35
Albania,ALB,2015,9.35
Albania,ALB,2016,9.17
Albania,ALB,2017,9.16
Albania,ALB,2018,9.15
Albania,ALB,2019,9.29
Algeria,DZA,2000,2302.18
Algeria,DZA,2001,2083.51
Algeria,DZA,2002,1890.01
Algeria,DZA,2003,1670.64
Algeria,DZA,2004,1854.14
Algeria,DZA,2005,1700.97
Algeria,DZA,2006,1577.25
Algeria,DZA,2007,1484.89
Algeria,DZA,2008,1447.64
Algeria,DZA,2009,1437.16
Algeria,DZA,2010,1436.46
Algeria,DZA,2011,1410.61
Algeria,DZA,2012,1397.54
Algeria,DZA,2013,1431.59
Algeria,DZA,2014,1502.3
Algeria,DZA,2015,1540.03
Algeria,DZA,2016,1490.14
Algeria,DZA,2017,1356.3
Algeria,DZA,2018,1212.2
Algeria,DZA,2019,1110.74
Angola,AGO,2000,41352.23
Angola,AGO,2001,39401.96
Angola,AGO,2002,38168.57
Angola,AGO,2003,37865.93
Angola,AGO,2004,37256.94
Angola,AGO,2005,35171.26
Angola,AGO,2006,34210.68
Angola,AGO,2007,32292.89
Angola,AGO,2008,30618.09
Angola,AGO,2009,27644.6
Angola,AGO,2010,26571.01
Angola,AGO,2011,24410.54
Angola,AGO,2012,23364.14
Angola,AGO,2013,21574.93
Angola,AGO,2014,19107.54
Angola,AGO,2015,19141.52
Angola,AGO,2016,17677.22
Angola,AGO,2017,16703.17
Angola,AGO,2018,15551.47
Angola,AGO,2019,15245.2
Antigua and Barbuda,ATG,2000,0
Antigua and Barbuda,ATG,2001,0.47
Antigua and Barbuda,ATG,2002,0.38
Antigua and Barbuda,ATG,2003,0.31
Antigua and Barbuda,ATG,2004,0
Antigua and Barbuda,ATG,2005,0.87
Antigua and Barbuda,ATG,2006,1.16
Antigua and Barbuda,ATG,2007,1.23
Antigua and Barbuda,ATG,2008,0.24
Antigua and Barbuda,ATG,2009,0.06
Antigua and Barbuda,ATG,2010,0.81
Antigua and Barbuda,ATG,2011,0.81
Antigua and Barbuda,ATG,2012,1.73
Antigua and Barbuda,ATG,2013,1.38
Antigua and Barbuda,ATG,2014,1.34
Antigua and Barbuda,ATG,2015,0.77
Antigua and Barbuda,ATG,2016,0.87
Antigua and Barbuda,ATG,2017,0.62
Antigua and Barbuda,ATG,2018,0.8
Antigua and Barbuda,ATG,2019,0.83
Argentina,ARG,2000,535.56
Argentina,ARG,2001,527.41
Argentina,ARG,2002,663.23
Argentina,ARG,2003,548.32
Argentina,ARG,2004,435.57
Argentina,ARG,2005,410.92
Argentina,ARG,2006,481.69
Argentina,ARG,2007,383.64
Argentina,ARG,2008,432.98
Argentina,ARG,2009,430.28
Argentina,ARG,2010,477.43
Argentina,ARG,2011,468.35
Argentina,ARG,2012,443.54
Argentina,ARG,2013,458.37
Argentina,ARG,2014,488.87
Argentina,ARG,2015,529.7
Argentina,ARG,2016,527.26
Argentina,ARG,2017,703.84
Argentina,ARG,2018,599.39
Argentina,ARG,2019,578.21
Armenia,ARM,2000,58.61
Armenia,ARM,2001,46.71
Armenia,ARM,2002,41.17
Armenia,ARM,2003,36.33
Armenia,ARM,2004,33.82
Armenia,ARM,2005,31.6
Armenia,ARM,2006,29.96
Armenia,ARM,2007,25.18
Armenia,ARM,2008,25.59
Armenia,ARM,2009,23.25
Armenia,ARM,2010,20.81
Armenia,ARM,2011,16.8
Armenia,ARM,2012,17.85
Armenia,ARM,2013,20.7
Armenia,ARM,2014,21.35
Armenia,ARM,2015,15.33
Armenia,ARM,2016,14.21
Armenia,ARM,2017,8.93
Armenia,ARM,2018,8.33
Armenia,ARM,2019,9.5
Asia,,2000,1710105.9
Asia,,2001,1647250
Asia,,2002,1606235
Asia,,2003,1541427.4
Asia,,2004,1449702.5
Asia,,2005,1401028
Asia,,2006,1374271.5
Asia,,2007,1360343.6
Asia,,2008,1330613.5
Asia,,2009,1247254.6
Asia,,2010,1205467.2
Asia,,2011,1192158.9
Asia,,2012,1144546.9
Asia,,2013,1111583.9
Asia,,2014,1053887.2
Asia,,2015,1019245.94
Asia,,2016,998132.3
Asia,,2017,990512.1
Asia,,2018,964371.8
Asia,,2019,944535.75
Australia,AUS,2000,30.74
Australia,AUS,2001,35.88
Australia,AUS,2002,50.24
Australia,AUS,2003,40.14
Australia,AUS,2004,67.34
Australia,AUS,2005,64.79
Australia,AUS,2006,88.21
Australia,AUS,2007,82.46
Australia,AUS,2008,59.51
Australia,AUS,2009,77.55
Australia,AUS,2010,85.95
Australia,AUS,2011,133.09
Australia,AUS,2012,146.1
Australia,AUS,2013,276.09
Australia,AUS,2014,269.82
Australia,AUS,2015,283.2
Australia,AUS,2016,278.63
Australia,AUS,2017,330.13
Australia,AUS,2018,270.52
Australia,AUS,2019,295.62
Austria,AUT,2000,6.46
Austria,AUT,2001,5.24
Austria,AUT,2002,13.47
Austria,AUT,2003,25.72
Austria,AUT,2004,21.6
Austria,AUT,2005,23.8
Austria,AUT,2006,46.32
Austria,AUT,2007,70.21
Austria,AUT,2008,69.73
Austria,AUT,2009,65.94
Austria,AUT,2010,56.23
Austria,AUT,2011,59.9
Austria,AUT,2012,95.64
Austria,AUT,2013,94.17
Austria,AUT,2014,83.99
Austria,AUT,2015,96.75
Austria,AUT,2016,145.59
Austria,AUT,2017,201.78
Austria,AUT,2018,185.91
Austria,AUT,2019,152.16
Azerbaijan,AZE,2000,1434.22
Azerbaijan,AZE,2001,1212.67
Azerbaijan,AZE,2002,1028.87
Azerbaijan,AZE,2003,882
Azerbaijan,AZE,2004,779.18
Azerbaijan,AZE,2005,691.14
Azerbaijan,AZE,2006,628.3
Azerbaijan,AZE,2007,579.4
Azerbaijan,AZE,2008,530.57
Azerbaijan,AZE,2009,491.38
Azerbaijan,AZE,2010,462
Azerbaijan,AZE,2011,445.9
Azerbaijan,AZE,2012,429.44
Azerbaijan,AZE,2013,398.74
Azerbaijan,AZE,2014,396.23
Azerbaijan,AZE,2015,380.18
Azerbaijan,AZE,2016,354.2
Azerbaijan,AZE,2017,323.69
Azerbaijan,AZE,2018,289.94
Azerbaijan,AZE,2019,261.82
Bahamas,BHS,2000,3.15
Bahamas,BHS,2001,3.28
Bahamas,BHS,2002,2.44
Bahamas,BHS,2003,3.52
Bahamas,BHS,2004,3.35
Bahamas,BHS,2005,3.18
Bahamas,BHS,2006,2.97
Bahamas,BHS,2007,2.83
Bahamas,BHS,2008,2.87
Bahamas,BHS,2009,2.89
Bahamas,BHS,2010,2.98
Bahamas,BHS,2011,3.39
Bahamas,BHS,2012,4.2
Bahamas,BHS,2013,5.5
Bahamas,BHS,2014,5.81
Bahamas,BHS,2015,5.98
Bahamas,BHS,2016,5.51
Bahamas,BHS,2017,5.52
Bahamas,BHS,2018,5.35
Bahamas,BHS,2019,5.18
Bahrain,BHR,2000,12.95
Bahrain,BHR,2001,13.12
Bahrain,BHR,2002,12.55
Bahrain,BHR,2003,12.19
Bahrain,BHR,2004,12.97
Bahrain,BHR,2005,13.75
Bahrain,BHR,2006,11.46
Bahrain,BHR,2007,13.6
Bahrain,BHR,2008,14.34
Bahrain,BHR,2009,13.13
Bahrain,BHR,2010,12.99
Bahrain,BHR,2011,13
Bahrain,BHR,2012,12.73
Bahrain,BHR,2013,13.99
Bahrain,BHR,2014,13.05
Bahrain,BHR,2015,13.53
Bahrain,BHR,2016,14.27
Bahrain,BHR,2017,15.19
Bahrain,BHR,2018,16.27
Bahrain,BHR,2019,17.03
Bangladesh,BGD,2000,72598.46
Bangladesh,BGD,2001,67710.32
Bangladesh,BGD,2002,63607.98
Bangladesh,BGD,2003,59904.99
Bangladesh,BGD,2004,53053.78
Bangladesh,BGD,2005,52332.91
Bangladesh,BGD,2006,52298.37
Bangladesh,BGD,2007,53165.7
Bangladesh,BGD,2008,48828.45
Bangladesh,BGD,2009,46533.1
Bangladesh,BGD,2010,43506.84
Bangladesh,BGD,2011,39767.7
Bangladesh,BGD,2012,38539.1
Bangladesh,BGD,2013,37636.21
Bangladesh,BGD,2014,36757.28
Bangladesh,BGD,2015,36500.62
Bangladesh,BGD,2016,37096.07
Bangladesh,BGD,2017,37358.45
Bangladesh,BGD,2018,36851.28
Bangladesh,BGD,2019,36110.73
Barbados,BRB,2000,4.45
Barbados,BRB,2001,3.72
Barbados,BRB,2002,2.17
Barbados,BRB,2003,2.86
Barbados,BRB,2004,2.89
Barbados,BRB,2005,2.77
Barbados,BRB,2006,3.28
Barbados,BRB,2007,3.26
Barbados,BRB,2008,4.74
Barbados,BRB,2009,6.21
Barbados,BRB,2010,7.06
Barbados,BRB,2011,6.43
Barbados,BRB,2012,6.96
Barbados,BRB,2013,5.45
Barbados,BRB,2014,6.16
Barbados,BRB,2015,6.14
Barbados,BRB,2016,6.47
Barbados,BRB,2017,6.51
Barbados,BRB,2018,6.66
Barbados,BRB,2019,6.83
Belarus,BLR,2000,33.71
Belarus,BLR,2001,31.09
Belarus,BLR,2002,27.2
Belarus,BLR,2003,23.15
Belarus,BLR,2004,20.47
Belarus,BLR,2005,18.94
Belarus,BLR,2006,18.21
Belarus,BLR,2007,16.38
Belarus,BLR,2008,15.02
Belarus,BLR,2009,15.36
Belarus,BLR,2010,14.51
Belarus,BLR,2011,14.42
Belarus,BLR,2012,13.93
Belarus,BLR,2013,14.86
Belarus,BLR,2014,14.65
Belarus,BLR,2015,13.49
Belarus,BLR,2016,13.64
Belarus,BLR,2017,13.46
Belarus,BLR,2018,13.13
Belarus,BLR,2019,12.73
Belgium,BEL,2000,84.59
Belgium,BEL,2001,87.31
Belgium,BEL,2002,138.36
Belgium,BEL,2003,191.39
Belgium,BEL,2004,309.67
Belgium,BEL,2005,324.45
Belgium,BEL,2006,304.17
Belgium,BEL,2007,236.3
Belgium,BEL,2008,322.38
Belgium,BEL,2009,433.33
Belgium,BEL,2010,437.78
Belgium,BEL,2011,396.72
Belgium,BEL,2012,238.25
Belgium,BEL,2013,424.03
Belgium,BEL,2014,363.51
Belgium,BEL,2015,490.8
Belgium,BEL,2016,412.12
Belgium,BEL,2017,431.72
Belgium,BEL,2018,427.42
Belgium,BEL,2019,417.64
Belize,BLZ,2000,12.72
Belize,BLZ,2001,10.13
Belize,BLZ,2002,10.96
Belize,BLZ,2003,11.21
Belize,BLZ,2004,14.63
Belize,BLZ,2005,14.63
Belize,BLZ,2006,15.86
Belize,BLZ,2007,15.25
Belize,BLZ,2008,14.71
Belize,BLZ,2009,13.1
Belize,BLZ,2010,12.2
Belize,BLZ,2011,9.65
Belize,BLZ,2012,8.22
Belize,BLZ,2013,6.18
Belize,BLZ,2014,6.97
Belize,BLZ,2015,8.03
Belize,BLZ,2016,8.52
Belize,BLZ,2017,8.74
Belize,BLZ,2018,8.6
Belize,BLZ,2019,8.66
Benin,BEN,2000,8253.95
Benin,BEN,2001,7633.56
Benin,BEN,2002,8341.81
Benin,BEN,2003,8200.15
Benin,BEN,2004,7973.59
Benin,BEN,2005,7566.91
Benin,BEN,2006,7469.88
Benin,BEN,2007,7338.11
Benin,BEN,2008,7233.91
Benin,BEN,2009,7347.19
Benin,BEN,2010,7572.49
Benin,BEN,2011,7850.53
Benin,BEN,2012,8000.07
Benin,BEN,2013,7894.83
Benin,BEN,2014,7802.43
Benin,BEN,2015,7778.13
Benin,BEN,2016,7552.81
Benin,BEN,2017,7337.73
Benin,BEN,2018,7016.81
Benin,BEN,2019,6830.32
Bhutan,BTN,2000,365.88
Bhutan,BTN,2001,347.62
Bhutan,BTN,2002,333.3
Bhutan,BTN,2003,309.6
Bhutan,BTN,2004,287.53
Bhutan,BTN,2005,267.14
Bhutan,BTN,2006,255.6
Bhutan,BTN,2007,241.01
Bhutan,BTN,2008,226.54
Bhutan,BTN,2009,214.05
Bhutan,BTN,2010,202.59
Bhutan,BTN,2011,194.49
Bhutan,BTN,2012,192.14
Bhutan,BTN,2013,190.05
Bhutan,BTN,2014,186.35
Bhutan,BTN,2015,180.78
Bhutan,BTN,2016,175.34
Bhutan,BTN,2017,177.86
Bhutan,BTN,2018,173.98
Bhutan,BTN,2019,169.36
Bolivia,BOL,2000,3421.52
Bolivia,BOL,2001,3163.14
Bolivia,BOL,2002,2895.25
Bolivia,BOL,2003,2612.13
Bolivia,BOL,2004,2355.55
Bolivia,BOL,2005,2145.68
Bolivia,BOL,2006,1925.84
Bolivia,BOL,2007,1761.91
Bolivia,BOL,2008,1529.22
Bolivia,BOL,2009,1383.09
Bolivia,BOL,2010,1272.34
Bolivia,BOL,2011,1191.82
Bolivia,BOL,2012,1114.81
Bolivia,BOL,2013,1061.27
Bolivia,BOL,2014,1074.37
Bolivia,BOL,2015,1019.49
Bolivia,BOL,2016,953.28
Bolivia,BOL,2017,921.47
Bolivia,BOL,2018,901.12
Bolivia,BOL,2019,882.93
Bosnia and Herzegovina,BIH,2000,11.48
Bosnia and Herzegovina,BIH,2001,11.52
Bosnia and Herzegovina,BIH,2002,11.93
Bosnia and Herzegovina,BIH,2003,11.88
Bosnia and Herzegovina,BIH,2004,11.14
Bosnia and Herzegovina,BIH,2005,10.57
Bosnia and Herzegovina,BIH,2006,9.91
Bosnia and Herzegovina,BIH,2007,9.38
Bosnia and Herzegovina,BIH,2008,8.82
Bosnia and Herzegovina,BIH,2009,8.42
Bosnia and Herzegovina,BIH,2010,8.07
Bosnia and Herzegovina,BIH,2011,7.95
Bosnia and Herzegovina,BIH,2012,7.78
Bosnia and Herzegovina,BIH,2013,7.73
Bosnia and Herzegovina,BIH,2014,7.63
Bosnia and Herzegovina,BIH,2015,7.64
Bosnia and Herzegovina,BIH,2016,7.82
Bosnia and Herzegovina,BIH,2017,7.98
Bosnia and Herzegovina,BIH,2018,8.1
Bosnia and Herzegovina,BIH,2019,8.15
Botswana,BWA,2000,1011.11
Botswana,BWA,2001,1029.93
Botswana,BWA,2002,964.47
Botswana,BWA,2003,904.18
Botswana,BWA,2004,895.74
Botswana,BWA,2005,883.77
Botswana,BWA,2006,903.99
Botswana,BWA,2007,750.54
Botswana,BWA,2008,701.04
Botswana,BWA,2009,623.91
Botswana,BWA,2010,580.97
Botswana,BWA,2011,585
Botswana,BWA,2012,576.13
Botswana,BWA,2013,569.08
Botswana,BWA,2014,567.75
Botswana,BWA,2015,558.48
Botswana,BWA,2016,553.8
Botswana,BWA,2017,553.68
Botswana,BWA,2018,551.48
Botswana,BWA,2019,527.12
Brazil,BRA,2000,12228.52
Brazil,BRA,2001,11232.63
Brazil,BRA,2002,10267.82
Brazil,BRA,2003,9529.06
Brazil,BRA,2004,8493.48
Brazil,BRA,2005,8207.86
Brazil,BRA,2006,8130.9
Brazil,BRA,2007,6484.76
Brazil,BRA,2008,6355.1
Brazil,BRA,2009,5568
Brazil,BRA,2010,5427.85
Brazil,BRA,2011,4628.3
Brazil,BRA,2012,4821.28
Brazil,BRA,2013,5368.16
Brazil,BRA,2014,4772.52
Brazil,BRA,2015,4858.22
Brazil,BRA,2016,5376.08
Brazil,BRA,2017,5368.6
Brazil,BRA,2018,5403.99
Brazil,BRA,2019,5659.4
Brunei,BRN,2000,0.91
Brunei,BRN,2001,1.04
Brunei,BRN,2002,1.16
Brunei,BRN,2003,2.77
Brunei,BRN,2004,0.78
Brunei,BRN,2005,1.45
Brunei,BRN,2006,1.98
Brunei,BRN,2007,0.22
Brunei,BRN,2008,1.31
Brunei,BRN,2009,1.33
Brunei,BRN,2010,2.13
Brunei,BRN,2011,0.7
Brunei,BRN,2012,0.46
Brunei,BRN,2013,2.87
Brunei,BRN,2014,1.74
Brunei,BRN,2015,4.99
Brunei,BRN,2016,4.75
Brunei,BRN,2017,5.41
Brunei,BRN,2018,3.7
Brunei,BRN,2019,4.07
Bulgaria,BGR,2000,41.06
Bulgaria,BGR,2001,24.58
Bulgaria,BGR,2002,38.75
Bulgaria,BGR,2003,27.92
Bulgaria,BGR,2004,24.49
Bulgaria,BGR,2005,25.68
Bulgaria,BGR,2006,31.45
Bulgaria,BGR,2007,22.9
Bulgaria,BGR,2008,24.04
Bulgaria,BGR,2009,18.53
Bulgaria,BGR,2010,23.06
Bulgaria,BGR,2011,20.39
Bulgaria,BGR,2012,23.9
Bulgaria,BGR,2013,28.24
Bulgaria,BGR,2014,31.62
Bulgaria,BGR,2015,25.32
Bulgaria,BGR,2016,28.43
Bulgaria,BGR,2017,20.8
Bulgaria,BGR,2018,27.61
Bulgaria,BGR,2019,26.51
Burkina Faso,BFA,2000,15069.99
Burkina Faso,BFA,2001,14511.06
Burkina Faso,BFA,2002,14992.34
Burkina Faso,BFA,2003,14218.34
Burkina Faso,BFA,2004,13903.77
Burkina Faso,BFA,2005,13738.32
Burkina Faso,BFA,2006,13405.78
Burkina Faso,BFA,2007,12856.7
Burkina Faso,BFA,2008,12284.58
Burkina Faso,BFA,2009,10836.18
Burkina Faso,BFA,2010,11176.37
Burkina Faso,BFA,2011,11337.44
Burkina Faso,BFA,2012,10265.94
Burkina Faso,BFA,2013,12421.22
Burkina Faso,BFA,2014,12668.93
Burkina Faso,BFA,2015,12934.03
Burkina Faso,BFA,2016,12862.75
Burkina Faso,BFA,2017,12727.96
Burkina Faso,BFA,2018,11356.03
Burkina Faso,BFA,2019,11887.05
Burundi,BDI,2000,9642.34
Burundi,BDI,2001,9166.28
Burundi,BDI,2002,9162.63
Burundi,BDI,2003,8957.34
Burundi,BDI,2004,8815.05
Burundi,BDI,2005,8417.04
Burundi,BDI,2006,8733.5
Burundi,BDI,2007,8328.21
Burundi,BDI,2008,7932.06
Burundi,BDI,2009,7572.82
Burundi,BDI,2010,7280.45
Burundi,BDI,2011,7076.76
Burundi,BDI,2012,7141.19
Burundi,BDI,2013,6960.49
Burundi,BDI,2014,6399.69
Burundi,BDI,2015,6187.9
Burundi,BDI,2016,6180.27
Burundi,BDI,2017,6161.79
Burundi,BDI,2018,6082.87
Burundi,BDI,2019,6046.34
Cambodia,KHM,2000,8131.99
Cambodia,KHM,2001,7297.43
Cambodia,KHM,2002,6425.64
Cambodia,KHM,2003,5585.1
Cambodia,KHM,2004,4980.58
Cambodia,KHM,2005,4488.01
Cambodia,KHM,2006,4088.59
Cambodia,KHM,2007,3791.14
Cambodia,KHM,2008,3436.11
Cambodia,KHM,2009,3135.24
Cambodia,KHM,2010,3029.61
Cambodia,KHM,2011,2860.64
Cambodia,KHM,2012,2733.79
Cambodia,KHM,2013,2569.02
Cambodia,KHM,2014,2412.85
Cambodia,KHM,2015,2373.24
Cambodia,KHM,2016,2311.44
Cambodia,KHM,2017,2223.82
Cambodia,KHM,2018,2202.82
Cambodia,KHM,2019,2148.14
Cameroon,CMR,2000,19598.11
Cameroon,CMR,2001,17887.01
Cameroon,CMR,2002,18211.07
Cameroon,CMR,2003,16948.22
Cameroon,CMR,2004,15920.09
Cameroon,CMR,2005,15763.75
Cameroon,CMR,2006,16132.91
Cameroon,CMR,2007,16452.84
Cameroon,CMR,2008,17103.38
Cameroon,CMR,2009,17794.33
Cameroon,CMR,2010,17830.46
Cameroon,CMR,2011,17724.32
Cameroon,CMR,2012,17440.71
Cameroon,CMR,2013,16774.89
Cameroon,CMR,2014,15397.84
Cameroon,CMR,2015,14112.08
Cameroon,CMR,2016,13479.12
Cameroon,CMR,2017,12864.1
Cameroon,CMR,2018,12268.54
Cameroon,CMR,2019,11848.76
Canada,CAN,2000,250.09
Canada,CAN,2001,303.47
Canada,CAN,2002,363.77
Canada,CAN,2003,583.78
Canada,CAN,2004,1030.92
Canada,CAN,2005,973.74
Canada,CAN,2006,937.37
Canada,CAN,2007,1178.31
Canada,CAN,2008,1102.66
Canada,CAN,2009,1388.07
Canada,CAN,2010,1649.44
Canada,CAN,2011,1745.16
Canada,CAN,2012,1711.65
Canada,CAN,2013,1204.55
Canada,CAN,2014,1136.64
Canada,CAN,2015,1102.27
Canada,CAN,2016,965.14
Canada,CAN,2017,913.57
Canada,CAN,2018,884.96
Canada,CAN,2019,840.36
Cape Verde,CPV,2000,110.14
Cape Verde,CPV,2001,99.35
Cape Verde,CPV,2002,90.12
Cape Verde,CPV,2003,82.68
Cape Verde,CPV,2004,76.73
Cape Verde,CPV,2005,72.1
Cape Verde,CPV,2006,68.39
Cape Verde,CPV,2007,63.75
Cape Verde,CPV,2008,60.93
Cape Verde,CPV,2009,57.71
Cape Verde,CPV,2010,56.13
Cape Verde,CPV,2011,53.44
Cape Verde,CPV,2012,51.44
Cape Verde,CPV,2013,49.4
Cape Verde,CPV,2014,47.14
Cape Verde,CPV,2015,44.76
Cape Verde,CPV,2016,43.56
Cape Verde,CPV,2017,42.32
Cape Verde,CPV,2018,43.36
Cape Verde,CPV,2019,41.19
Central African Republic,CAF,2000,7017.14
Central African Republic,CAF,2001,6771.68
Central African Republic,CAF,2002,6634.35
Central African Republic,CAF,2003,6473.67
Central African Republic,CAF,2004,6031.44
Central African Republic,CAF,2005,5895.86
Central African Republic,CAF,2006,6184.53
Central African Republic,CAF,2007,6089.4
Central African Republic,CAF,2008,5966.01
Central African Republic,CAF,2009,6152.33
Central African Republic,CAF,2010,5929.78
Central African Republic,CAF,2011,5710.41
Central African Republic,CAF,2012,5724.06
Central African Republic,CAF,2013,5460.57
Central African Republic,CAF,2014,5627.34
Central African Republic,CAF,2015,5592.72
Central African Republic,CAF,2016,5390.73
Central African Republic,CAF,2017,5313.13
Central African Republic,CAF,2018,5069.48
Central African Republic,CAF,2019,4683.83
Chad,TCD,2000,19591.89
Chad,TCD,2001,16737.88
Chad,TCD,2002,18413.76
Chad,TCD,2003,17219.25
Chad,TCD,2004,17252.39
Chad,TCD,2005,17934.1
Chad,TCD,2006,18956.59
Chad,TCD,2007,18577.89
Chad,TCD,2008,17663.01
Chad,TCD,2009,17614.26
Chad,TCD,2010,17482.77
Chad,TCD,2011,16703.89
Chad,TCD,2012,16972.32
Chad,TCD,2013,17733.4
Chad,TCD,2014,17080.32
Chad,TCD,2015,17130.81
Chad,TCD,2016,16284.83
Chad,TCD,2017,16347.16
Chad,TCD,2018,15414.07
Chad,TCD,2019,14841.58
Chile,CHL,2000,251.28
Chile,CHL,2001,233.21
Chile,CHL,2002,222.09
Chile,CHL,2003,251.84
Chile,CHL,2004,225.7
Chile,CHL,2005,204.02
Chile,CHL,2006,192.17
Chile,CHL,2007,165.56
Chile,CHL,2008,217.65
Chile,CHL,2009,224.23
Chile,CHL,2010,243.16
Chile,CHL,2011,244.67
Chile,CHL,2012,283.81
Chile,CHL,2013,359.48
Chile,CHL,2014,470.12
Chile,CHL,2015,410
Chile,CHL,2016,335.11
Chile,CHL,2017,328.58
Chile,CHL,2018,310.23
Chile,CHL,2019,334.28
China,CHN,2000,41712.4
China,CHN,2001,36079.7
China,CHN,2002,32891.26
China,CHN,2003,30787.52
China,CHN,2004,28702.59
China,CHN,2005,25589.48
China,CHN,2006,22309.55
China,CHN,2007,19432.09
China,CHN,2008,17382.99
China,CHN,2009,15682.14
China,CHN,2010,14024.31
China,CHN,2011,13036.82
China,CHN,2012,12466.15
China,CHN,2013,11885.84
China,CHN,2014,11129.95
China,CHN,2015,10424.8
China,CHN,2016,10123.25
China,CHN,2017,9604.29
China,CHN,2018,9116.55
China,CHN,2019,8718.93
Colombia,COL,2000,1900.08
Colombia,COL,2001,1429.05
Colombia,COL,2002,1800.82
Colombia,COL,2003,1848.05
Colombia,COL,2004,1581.93
Colombia,COL,2005,1369.5
Colombia,COL,2006,1235.18
Colombia,COL,2007,1333.68
Colombia,COL,2008,963.58
Colombia,COL,2009,936.59
Colombia,COL,2010,791.72
Colombia,COL,2011,656.19
Colombia,COL,2012,628.75
Colombia,COL,2013,616.33
Colombia,COL,2014,649.41
Colombia,COL,2015,702.8
Colombia,COL,2016,780.58
Colombia,COL,2017,721.93
Colombia,COL,2018,736.43
Colombia,COL,2019,747.5
Comoros,COM,2000,558.32
Comoros,COM,2001,542.65
Comoros,COM,2002,535.2
Comoros,COM,2003,521.88
Comoros,COM,2004,512.47
Comoros,COM,2005,493.18
Comoros,COM,2006,478.89
Comoros,COM,2007,464.64
Comoros,COM,2008,454.1
Comoros,COM,2009,433.68
Comoros,COM,2010,444.6
Comoros,COM,2011,424.88
Comoros,COM,2012,414.13
Comoros,COM,2013,404.85
Comoros,COM,2014,415.19
Comoros,COM,2015,405.17
Comoros,COM,2016,398.88
Comoros,COM,2017,391.58
Comoros,COM,2018,377.74
Comoros,COM,2019,363.26
Congo,COG,2000,2921.16
Congo,COG,2001,2634.12
Congo,COG,2002,2314.11
Congo,COG,2003,2362.62
Congo,COG,2004,2307.4
Congo,COG,2005,2354.84
Congo,COG,2006,2254.06
Congo,COG,2007,2177.62
Congo,COG,2008,2135.72
Congo,COG,2009,2119.53
Congo,COG,2010,2025.05
Congo,COG,2011,1935.88
Congo,COG,2012,1919.18
Congo,COG,2013,1879.72
Congo,COG,2014,1722.62
Congo,COG,2015,1342.56
Congo,COG,2016,1425.36
Congo,COG,2017,1335.67
Congo,COG,2018,1325.63
Congo,COG,2019,1304.18
Costa Rica,CRI,2000,108.44
Costa Rica,CRI,2001,111.69
Costa Rica,CRI,2002,102.56
Costa Rica,CRI,2003,107.97
Costa Rica,CRI,2004,114.19
Costa Rica,CRI,2005,93.99
Costa Rica,CRI,2006,67.23
Costa Rica,CRI,2007,74.12
Costa Rica,CRI,2008,48.19
Costa Rica,CRI,2009,91.67
Costa Rica,CRI,2010,81.05
Costa Rica,CRI,2011,66.37
Costa Rica,CRI,2012,84.4
Costa Rica,CRI,2013,101.42
Costa Rica,CRI,2014,115.45
Costa Rica,CRI,2015,122.29
Costa Rica,CRI,2016,132.22
Costa Rica,CRI,2017,137.78
Costa Rica,CRI,2018,125.77
Costa Rica,CRI,2019,87.24
Cote d'Ivoire,CIV,2000,13305.95
Cote d'Ivoire,CIV,2001,12424.5
Cote d'Ivoire,CIV,2002,11781
Cote d'Ivoire,CIV,2003,11923.33
Cote d'Ivoire,CIV,2004,11923.87
Cote d'Ivoire,CIV,2005,12897.99
Cote d'Ivoire,CIV,2006,13648.18
Cote d'Ivoire,CIV,2007,13771.38
Cote d'Ivoire,CIV,2008,13059.32
Cote d'Ivoire,CIV,2009,13238.72
Cote d'Ivoire,CIV,2010,13271.7
Cote d'Ivoire,CIV,2011,13273.16
Cote d'Ivoire,CIV,2012,13636.84
Cote d'Ivoire,CIV,2013,13852.09
Cote d'Ivoire,CIV,2014,13661.19
Cote d'Ivoire,CIV,2015,14215.07
Cote d'Ivoire,CIV,2016,13805.61
Cote d'Ivoire,CIV,2017,12850.69
Cote d'Ivoire,CIV,2018,11838.43
Cote d'Ivoire,CIV,2019,11256.5
Croatia,HRV,2000,12.57
Croatia,HRV,2001,8.39
Croatia,HRV,2002,8.24
Croatia,HRV,2003,5.53
Croatia,HRV,2004,14.51
Croatia,HRV,2005,15.23
Croatia,HRV,2006,17.57
Croatia,HRV,2007,11.96
Croatia,HRV,2008,15.92
Croatia,HRV,2009,9.17
Croatia,HRV,2010,22.31
Croatia,HRV,2011,24.32
Croatia,HRV,2012,20.22
Croatia,HRV,2013,19.17
Croatia,HRV,2014,43.67
Croatia,HRV,2015,41.37
Croatia,HRV,2016,62.82
Croatia,HRV,2017,80.05
Croatia,HRV,2018,73.52
Croatia,HRV,2019,81.99
Cuba,CUB,2000,265.73
Cuba,CUB,2001,263.3
Cuba,CUB,2002,253.93
Cuba,CUB,2003,229.73
Cuba,CUB,2004,237.98
Cuba,CUB,2005,335.42
Cuba,CUB,2006,238.21
Cuba,CUB,2007,207.05
Cuba,CUB,2008,209.86
Cuba,CUB,2009,200.8
Cuba,CUB,2010,267.29
Cuba,CUB,2011,260.44
Cuba,CUB,2012,286.71
Cuba,CUB,2013,351.47
Cuba,CUB,2014,318.69
Cuba,CUB,2015,202.03
Cuba,CUB,2016,192.1
Cuba,CUB,2017,200.57
Cuba,CUB,2018,203.92
Cuba,CUB,2019,206.2
Cyprus,CYP,2000,2.48
Cyprus,CYP,2001,2.68
Cyprus,CYP,2002,2.8
Cyprus,CYP,2003,2.9
Cyprus,CYP,2004,1.46
Cyprus,CYP,2005,5.11
Cyprus,CYP,2006,2.47
Cyprus,CYP,2007,6.36
Cyprus,CYP,2008,2.44
Cyprus,CYP,2009,20.07
Cyprus,CYP,2010,9.17
Cyprus,CYP,2011,28.74
Cyprus,CYP,2012,21.08
Cyprus,CYP,2013,22.78
Cyprus,CYP,2014,35.24
Cyprus,CYP,2015,42.53
Cyprus,CYP,2016,46.17
Cyprus,CYP,2017,54.86
Cyprus,CYP,2018,69.12
Cyprus,CYP,2019,56.46
Czechia,CZE,2000,3.23
Czechia,CZE,2001,5.86
Czechia,CZE,2002,5.5
Czechia,CZE,2003,7.32
Czechia,CZE,2004,8.94
Czechia,CZE,2005,7.19
Czechia,CZE,2006,10.13
Czechia,CZE,2007,41.73
Czechia,CZE,2008,64.55
Czechia,CZE,2009,76.12
Czechia,CZE,2010,141.66
Czechia,CZE,2011,281.59
Czechia,CZE,2012,362.02
Czechia,CZE,2013,247.38
Czechia,CZE,2014,253.83
Czechia,CZE,2015,280.02
Czechia,CZE,2016,253.49
Czechia,CZE,2017,238
Czechia,CZE,2018,258.67
Czechia,CZE,2019,255.24
Democratic Republic of Congo,COD,2000,52897.02
Democratic Republic of Congo,COD,2001,49739.86
Democratic Republic of Congo,COD,2002,45347.46
Democratic Republic of Congo,COD,2003,44009.83
Democratic Republic of Congo,COD,2004,40317.53
Democratic Republic of Congo,COD,2005,42254.8
Democratic Republic of Congo,COD,2006,44027.14
Democratic Republic of Congo,COD,2007,44759.48
Democratic Republic of Congo,COD,2008,46040.44
Democratic Republic of Congo,COD,2009,50711.09
Democratic Republic of Congo,COD,2010,52793.92
Democratic Republic of Congo,COD,2011,52599.92
Democratic Republic of Congo,COD,2012,54258.3
Democratic Republic of Congo,COD,2013,54237.69
Democratic Republic of Congo,COD,2014,55633.35
Democratic Republic of Congo,COD,2015,52663.26
Democratic Republic of Congo,COD,2016,47084.42
Democratic Republic of Congo,COD,2017,51204.27
Democratic Republic of Congo,COD,2018,48798.62
Democratic Republic of Congo,COD,2019,41301.27
Denmark,DNK,2000,63.89
Denmark,DNK,2001,67.34
Denmark,DNK,2002,145.55
Denmark,DNK,2003,129.66
Denmark,DNK,2004,135.16
Denmark,DNK,2005,112.03
Denmark,DNK,2006,153.54
Denmark,DNK,2007,158.23
Denmark,DNK,2008,139.85
Denmark,DNK,2009,222.69
Denmark,DNK,2010,244.99
Denmark,DNK,2011,264.45
Denmark,DNK,2012,245.12
Denmark,DNK,2013,240.07
Denmark,DNK,2014,222.71
Denmark,DNK,2015,181.31
Denmark,DNK,2016,147.95
Denmark,DNK,2017,149.02
Denmark,DNK,2018,124
Denmark,DNK,2019,144.56
Djibouti,DJI,2000,603.45
Djibouti,DJI,2001,597.89
Djibouti,DJI,2002,583.16
Djibouti,DJI,2003,560.47
Djibouti,DJI,2004,514.58
Djibouti,DJI,2005,445.95
Djibouti,DJI,2006,472.19
Djibouti,DJI,2007,461.66
Djibouti,DJI,2008,427.65
Djibouti,DJI,2009,433.97
Djibouti,DJI,2010,440.89
Djibouti,DJI,2011,431.57
Djibouti,DJI,2012,416.22
Djibouti,DJI,2013,443.82
Djibouti,DJI,2014,434.24
Djibouti,DJI,2015,394.03
Djibouti,DJI,2016,398.08
Djibouti,DJI,2017,398.21
Djibouti,DJI,2018,377.9
Djibouti,DJI,2019,364.48
Dominican Republic,DOM,2000,815.94
Dominican Republic,DOM,2001,764.33
Dominican Republic,DOM,2002,727.23
Dominican Republic,DOM,2003,700.5
Dominican Republic,DOM,2004,659.38
Dominican Republic,DOM,2005,639.37
Dominican Republic,DOM,2006,612.21
Dominican Republic,DOM,2007,580.59
Dominican Republic,DOM,2008,567.41
Dominican Republic,DOM,2009,559.68
Dominican Republic,DOM,2010,546.4
Dominican Republic,DOM,2011,577.32
Dominican Republic,DOM,2012,592.04
Dominican Republic,DOM,2013,541.88
Dominican Republic,DOM,2014,552.67
Dominican Republic,DOM,2015,559.88
Dominican Republic,DOM,2016,557.82
Dominican Republic,DOM,2017,536.68
Dominican Republic,DOM,2018,517.94
Dominican Republic,DOM,2019,504.25
East Timor,TLS,2000,835.27
East Timor,TLS,2001,781.23
East Timor,TLS,2002,722.19
East Timor,TLS,2003,691.28
East Timor,TLS,2004,608.75
East Timor,TLS,2005,567.7
East Timor,TLS,2006,503.61
East Timor,TLS,2007,451.88
East Timor,TLS,2008,405.82
East Timor,TLS,2009,422.24
East Timor,TLS,2010,390.06
East Timor,TLS,2011,377.97
East Timor,TLS,2012,352.77
East Timor,TLS,2013,336
East Timor,TLS,2014,323.29
East Timor,TLS,2015,302.53
East Timor,TLS,2016,300.54
East Timor,TLS,2017,287.58
East Timor,TLS,2018,289.04
East Timor,TLS,2019,284.65
Ecuador,ECU,2000,655.93
Ecuador,ECU,2001,611.13
Ecuador,ECU,2002,581.34
Ecuador,ECU,2003,533.4
Ecuador,ECU,2004,520.96
Ecuador,ECU,2005,505.24
Ecuador,ECU,2006,480.82
Ecuador,ECU,2007,455.34
Ecuador,ECU,2008,454.56
Ecuador,ECU,2009,451.48
Ecuador,ECU,2010,449.07
Ecuador,ECU,2011,435.91
Ecuador,ECU,2012,423.09
Ecuador,ECU,2013,408.05
Ecuador,ECU,2014,389.07
Ecuador,ECU,2015,414.39
Ecuador,ECU,2016,408.96
Ecuador,ECU,2017,415.72
Ecuador,ECU,2018,410.13
Ecuador,ECU,2019,410.42
Egypt,EGY,2000,8012.65
Egypt,EGY,2001,7444.15
Egypt,EGY,2002,7138.17
Egypt,EGY,2003,6798.47
Egypt,EGY,2004,6405.38
Egypt,EGY,2005,6018.5
Egypt,EGY,2006,5571.13
Egypt,EGY,2007,5244.26
Egypt,EGY,2008,5101.31
Egypt,EGY,2009,4915.5
Egypt,EGY,2010,4879.19
Egypt,EGY,2011,4844.24
Egypt,EGY,2012,4909.7
Egypt,EGY,2013,4796.92
Egypt,EGY,2014,4298.78
Egypt,EGY,2015,4080.46
Egypt,EGY,2016,4110.78
Egypt,EGY,2017,3971.25
Egypt,EGY,2018,3838.45
Egypt,EGY,2019,3691.95
El Salvador,SLV,2000,650.24
El Salvador,SLV,2001,559.39
El Salvador,SLV,2002,531.71
El Salvador,SLV,2003,452.31
El Salvador,SLV,2004,399.68
El Salvador,SLV,2005,378.82
El Salvador,SLV,2006,347.37
El Salvador,SLV,2007,290.29
El Salvador,SLV,2008,271.5
El Salvador,SLV,2009,283.92
El Salvador,SLV,2010,245.49
El Salvador,SLV,2011,214.89
El Salvador,SLV,2012,216.23
El Salvador,SLV,2013,204.62
El Salvador,SLV,2014,191.54
El Salvador,SLV,2015,166.34
El Salvador,SLV,2016,177.89
El Salvador,SLV,2017,187.36
El Salvador,SLV,2018,192.33
El Salvador,SLV,2019,198.88
Equatorial Guinea,GNQ,2000,779.65
Equatorial Guinea,GNQ,2001,708.8
Equatorial Guinea,GNQ,2002,634.78
Equatorial Guinea,GNQ,2003,583.64
Equatorial Guinea,GNQ,2004,532.27
Equatorial Guinea,GNQ,2005,507.32
Equatorial Guinea,GNQ,2006,537.78
Equatorial Guinea,GNQ,2007,513.89
Equatorial Guinea,GNQ,2008,483.08
Equatorial Guinea,GNQ,2009,455.04
Equatorial Guinea,GNQ,2010,473.03
Equatorial Guinea,GNQ,2011,440.88
Equatorial Guinea,GNQ,2012,412.7
Equatorial Guinea,GNQ,2013,408.01
Equatorial Guinea,GNQ,2014,421.35
Equatorial Guinea,GNQ,2015,399.82
Equatorial Guinea,GNQ,2016,367.55
Equatorial Guinea,GNQ,2017,403.39
Equatorial Guinea,GNQ,2018,377.77
Equatorial Guinea,GNQ,2019,348.84
Eritrea,ERI,2000,3427.96
Eritrea,ERI,2001,3268.48
Eritrea,ERI,2002,3238.62
Eritrea,ERI,2003,3037
Eritrea,ERI,2004,3078.76
Eritrea,ERI,2005,3023.96
Eritrea,ERI,2006,2993.72
Eritrea,ERI,2007,3040.45
Eritrea,ERI,2008,3139.12
Eritrea,ERI,2009,3077.92
Eritrea,ERI,2010,3056.59
Eritrea,ERI,2011,2993.14
Eritrea,ERI,2012,2817.26
Eritrea,ERI,2013,2809.05
Eritrea,ERI,2014,2630.6
Eritrea,ERI,2015,2472.2
Eritrea,ERI,2016,2471.64
Eritrea,ERI,2017,2321.43
Eritrea,ERI,2018,2335.98
Eritrea,ERI,2019,2292.09
Estonia,EST,2000,3.88
Estonia,EST,2001,1.05
Estonia,EST,2002,5.13
Estonia,EST,2003,3.43
Estonia,EST,2004,0
Estonia,EST,2005,1.01
Estonia,EST,2006,0
Estonia,EST,2007,4.14
Estonia,EST,2008,0
Estonia,EST,2009,3.35
Estonia,EST,2010,3.3
Estonia,EST,2011,0
Estonia,EST,2012,1.46
Estonia,EST,2013,1.06
Estonia,EST,2014,0
Estonia,EST,2015,2.06
Estonia,EST,2016,4.22
Estonia,EST,2017,4.1
Estonia,EST,2018,8.12
Estonia,EST,2019,8.26
Eswatini,SWZ,2000,943.33
Eswatini,SWZ,2001,993.2
Eswatini,SWZ,2002,1003.13
Eswatini,SWZ,2003,1046.77
Eswatini,SWZ,2004,1058.02
Eswatini,SWZ,2005,1051.47
Eswatini,SWZ,2006,1014.3
Eswatini,SWZ,2007,1051.65
Eswatini,SWZ,2008,1043.36
Eswatini,SWZ,2009,1006.05
Eswatini,SWZ,2010,934.65
Eswatini,SWZ,2011,870.81
Eswatini,SWZ,2012,849.02
Eswatini,SWZ,2013,792.4
Eswatini,SWZ,2014,727.75
Eswatini,SWZ,2015,642.86
Eswatini,SWZ,2016,588.18
Eswatini,SWZ,2017,555.15
Eswatini,SWZ,2018,515.89
Eswatini,SWZ,2019,517.16
Ethiopia,ETH,2000,119981
Ethiopia,ETH,2001,118205.3
Ethiopia,ETH,2002,105977.9
Ethiopia,ETH,2003,98922.78
Ethiopia,ETH,2004,90681.24
Ethiopia,ETH,2005,85226.75
Ethiopia,ETH,2006,80309.65
Ethiopia,ETH,2007,79804.68
Ethiopia,ETH,2008,72116.21
Ethiopia,ETH,2009,65177.93
Ethiopia,ETH,2010,63471.94
Ethiopia,ETH,2011,61980.66
Ethiopia,ETH,2012,58044.17
Ethiopia,ETH,2013,54486.52
Ethiopia,ETH,2014,48835.95
Ethiopia,ETH,2015,46966.45
Ethiopia,ETH,2016,48380.94
Ethiopia,ETH,2017,48250.2
Ethiopia,ETH,2018,46521.17
Ethiopia,ETH,2019,44360.7
Europe,,2000,4625.48
Europe,,2001,4513.84
Europe,,2002,4898.46
Europe,,2003,5556.86
Europe,,2004,5960.12
Europe,,2005,7089.55
Europe,,2006,8816.61
Europe,,2007,10571.92
Europe,,2008,10228.34
Europe,,2009,10136.11
Europe,,2010,10453.0205
Europe,,2011,13987.35
Europe,,2012,15302.82
Europe,,2013,15940.34
Europe,,2014,14529.391
Europe,,2015,16144.89
Europe,,2016,15654.66
Europe,,2017,16062.28
Europe,,2018,15715
Europe,,2019,14901.96
Fiji,FJI,2000,107.26
Fiji,FJI,2001,105.32
Fiji,FJI,2002,101
Fiji,FJI,2003,98.41
Fiji,FJI,2004,98.87
Fiji,FJI,2005,98.1
Fiji,FJI,2006,99.19
Fiji,FJI,2007,102.44
Fiji,FJI,2008,102.86
Fiji,FJI,2009,105.26
Fiji,FJI,2010,105.09
Fiji,FJI,2011,105.82
Fiji,FJI,2012,105
Fiji,FJI,2013,103.81
Fiji,FJI,2014,101.38
Fiji,FJI,2015,97.15
Fiji,FJI,2016,97.04
Fiji,FJI,2017,97.78
Fiji,FJI,2018,97.05
Fiji,FJI,2019,96.35
Finland,FIN,2000,32.02
Finland,FIN,2001,32.49
Finland,FIN,2002,62.43
Finland,FIN,2003,70.54
Finland,FIN,2004,20.63
Finland,FIN,2005,38.09
Finland,FIN,2006,43.18
Finland,FIN,2007,95.42
Finland,FIN,2008,98.38
Finland,FIN,2009,88.17
Finland,FIN,2010,74.75
Finland,FIN,2011,43.03
Finland,FIN,2012,26.79
Finland,FIN,2013,36.2
Finland,FIN,2014,16.87
Finland,FIN,2015,21.89
Finland,FIN,2016,14.81
Finland,FIN,2017,17.85
Finland,FIN,2018,13.67
Finland,FIN,2019,15.3
France,FRA,2000,1078.6
France,FRA,2001,851.16
France,FRA,2002,884.9
France,FRA,2003,922.47
France,FRA,2004,907.96
France,FRA,2005,914.14
France,FRA,2006,899.55
France,FRA,2007,1107.43
France,FRA,2008,1404.51
France,FRA,2009,1594.18
France,FRA,2010,1741.49
France,FRA,2011,2610.97
France,FRA,2012,2831.78
France,FRA,2013,2200.53
France,FRA,2014,1777.07
France,FRA,2015,1917.23
France,FRA,2016,2006.02
France,FRA,2017,1871.19
France,FRA,2018,1843.22
France,FRA,2019,1807.34
Gabon,GAB,2000,541.21
Gabon,GAB,2001,489.53
Gabon,GAB,2002,511.3
Gabon,GAB,2003,484.21
Gabon,GAB,2004,405.27
Gabon,GAB,2005,552.19
Gabon,GAB,2006,540.58
Gabon,GAB,2007,510.12
Gabon,GAB,2008,545.98
Gabon,GAB,2009,503.59
Gabon,GAB,2010,478.61
Gabon,GAB,2011,459.78
Gabon,GAB,2012,398.99
Gabon,GAB,2013,403.7
Gabon,GAB,2014,434.82
Gabon,GAB,2015,407.17
Gabon,GAB,2016,337.77
Gabon,GAB,2017,333.79
Gabon,GAB,2018,350.42
Gabon,GAB,2019,318.18
Gambia,GMB,2000,1348.93
Gambia,GMB,2001,1302.77
Gambia,GMB,2002,1279.77
Gambia,GMB,2003,1216.23
Gambia,GMB,2004,1180.83
Gambia,GMB,2005,1109.76
Gambia,GMB,2006,1053.86
Gambia,GMB,2007,1008.18
Gambia,GMB,2008,975.01
Gambia,GMB,2009,931.94
Gambia,GMB,2010,926.96
Gambia,GMB,2011,907.99
Gambia,GMB,2012,875.04
Gambia,GMB,2013,837.32
Gambia,GMB,2014,767.52
Gambia,GMB,2015,731.33
Gambia,GMB,2016,701.67
Gambia,GMB,2017,681.09
Gambia,GMB,2018,647.84
Gambia,GMB,2019,625.73
Georgia,GEO,2000,98.16
Georgia,GEO,2001,81.14
Georgia,GEO,2002,68.75
Georgia,GEO,2003,54.82
Georgia,GEO,2004,45.44
Georgia,GEO,2005,34.7
Georgia,GEO,2006,25.64
Georgia,GEO,2007,21.78
Georgia,GEO,2008,19.75
Georgia,GEO,2009,19.19
Georgia,GEO,2010,17.96
Georgia,GEO,2011,17.69
Georgia,GEO,2012,17.64
Georgia,GEO,2013,17.58
Georgia,GEO,2014,18.16
Georgia,GEO,2015,18.82
Georgia,GEO,2016,19.22
Georgia,GEO,2017,18.73
Georgia,GEO,2018,18.63
Georgia,GEO,2019,18.62
Germany,DEU,2000,256.17
Germany,DEU,2001,303.48
Germany,DEU,2002,348.6
Germany,DEU,2003,580.99
Germany,DEU,2004,899.73
Germany,DEU,2005,1067.37
Germany,DEU,2006,1314.26
Germany,DEU,2007,2018.95
Germany,DEU,2008,2596.38
Germany,DEU,2009,2761.04
Germany,DEU,2010,2929.54
Germany,DEU,2011,4555.85
Germany,DEU,2012,5540.17
Germany,DEU,2013,5946.36
Germany,DEU,2014,5325.45
Germany,DEU,2015,5899.66
Germany,DEU,2016,4953.2
Germany,DEU,2017,4753.12
Germany,DEU,2018,4516.12
Germany,DEU,2019,3830.16
Ghana,GHA,2000,10100.85
Ghana,GHA,2001,10420
Ghana,GHA,2002,10319.37
Ghana,GHA,2003,10988.86
Ghana,GHA,2004,10696.96
Ghana,GHA,2005,10366.55
Ghana,GHA,2006,10242.79
Ghana,GHA,2007,10121.81
Ghana,GHA,2008,9745.34
Ghana,GHA,2009,9392.69
Ghana,GHA,2010,8998.49
Ghana,GHA,2011,8672.38
Ghana,GHA,2012,8322.89
Ghana,GHA,2013,8252.97
Ghana,GHA,2014,8132.12
Ghana,GHA,2015,7878.24
Ghana,GHA,2016,7589.9
Ghana,GHA,2017,7246.55
Ghana,GHA,2018,6779.42
Ghana,GHA,2019,6538.12
Greece,GRC,2000,0
Greece,GRC,2001,2.17
Greece,GRC,2002,1.14
Greece,GRC,2003,1.15
Greece,GRC,2004,0
Greece,GRC,2005,0
Greece,GRC,2006,1.08
Greece,GRC,2007,0
Greece,GRC,2008,0
Greece,GRC,2009,0
Greece,GRC,2010,0
Greece,GRC,2011,0
Greece,GRC,2012,1.13
Greece,GRC,2013,12.58
Greece,GRC,2014,39.37
Greece,GRC,2015,37.83
Greece,GRC,2016,53.52
Greece,GRC,2017,72.47
Greece,GRC,2018,79.03
Greece,GRC,2019,94.9
Grenada,GRD,2000,3.58
Grenada,GRD,2001,4.42
Grenada,GRD,2002,3.67
Grenada,GRD,2003,1.91
Grenada,GRD,2004,2.06
Grenada,GRD,2005,1.62
Grenada,GRD,2006,2.17
Grenada,GRD,2007,1.52
Grenada,GRD,2008,2.4
Grenada,GRD,2009,1.45
Grenada,GRD,2010,1.92
Grenada,GRD,2011,1.63
Grenada,GRD,2012,1.01
Grenada,GRD,2013,0.62
Grenada,GRD,2014,0.65
Grenada,GRD,2015,1.42
Grenada,GRD,2016,1.61
Grenada,GRD,2017,1.26
Grenada,GRD,2018,1.84
Grenada,GRD,2019,1.6
Guatemala,GTM,2000,5273.11
Guatemala,GTM,2001,5094.21
Guatemala,GTM,2002,4860.66
Guatemala,GTM,2003,4727.91
Guatemala,GTM,2004,4548.43
Guatemala,GTM,2005,4479.29
Guatemala,GTM,2006,4206.27
Guatemala,GTM,2007,3816.81
Guatemala,GTM,2008,3629.86
Guatemala,GTM,2009,3494.42
Guatemala,GTM,2010,3240.28
Guatemala,GTM,2011,3006.5
Guatemala,GTM,2012,2865.3
Guatemala,GTM,2013,2800.53
Guatemala,GTM,2014,2793.8
Guatemala,GTM,2015,2754.35
Guatemala,GTM,2016,2690
Guatemala,GTM,2017,2619.35
Guatemala,GTM,2018,2626.56
Guatemala,GTM,2019,2617.35
Guinea,GIN,2000,11125.89
Guinea,GIN,2001,10227.83
Guinea,GIN,2002,10868.16
Guinea,GIN,2003,10371.42
Guinea,GIN,2004,10464.34
Guinea,GIN,2005,9717.53
Guinea,GIN,2006,9499.32
Guinea,GIN,2007,9396.67
Guinea,GIN,2008,8926.84
Guinea,GIN,2009,8651.54
Guinea,GIN,2010,8637.46
Guinea,GIN,2011,8534.86
Guinea,GIN,2012,8474.66
Guinea,GIN,2013,8562.33
Guinea,GIN,2014,8531.31
Guinea,GIN,2015,8522.04
Guinea,GIN,2016,8305.23
Guinea,GIN,2017,8118.92
Guinea,GIN,2018,7875.3
Guinea,GIN,2019,6788.02
Guinea-Bissau,GNB,2000,1998.65
Guinea-Bissau,GNB,2001,2088.88
Guinea-Bissau,GNB,2002,1919.99
Guinea-Bissau,GNB,2003,1437.57
Guinea-Bissau,GNB,2004,1442.97
Guinea-Bissau,GNB,2005,1782.09
Guinea-Bissau,GNB,2006,1711.1
Guinea-Bissau,GNB,2007,1654.14
Guinea-Bissau,GNB,2008,1594.38
Guinea-Bissau,GNB,2009,1507.09
Guinea-Bissau,GNB,2010,1430.8
Guinea-Bissau,GNB,2011,1362.2
Guinea-Bissau,GNB,2012,1295.21
Guinea-Bissau,GNB,2013,1267.01
Guinea-Bissau,GNB,2014,1203.71
Guinea-Bissau,GNB,2015,1040.47
Guinea-Bissau,GNB,2016,1095.88
Guinea-Bissau,GNB,2017,1043.33
Guinea-Bissau,GNB,2018,982.83
Guinea-Bissau,GNB,2019,912.9
Guyana,GUY,2000,151.77
Guyana,GUY,2001,151.59
Guyana,GUY,2002,121.44
Guyana,GUY,2003,104.97
Guyana,GUY,2004,71.29
Guyana,GUY,2005,104.14
Guyana,GUY,2006,105.79
Guyana,GUY,2007,73.82
Guyana,GUY,2008,72.34
Guyana,GUY,2009,81.63
Guyana,GUY,2010,79.08
Guyana,GUY,2011,64.03
Guyana,GUY,2012,62.49
Guyana,GUY,2013,52.54
Guyana,GUY,2014,38.17
Guyana,GUY,2015,52.06
Guyana,GUY,2016,52.62
Guyana,GUY,2017,51.87
Guyana,GUY,2018,47.79
Guyana,GUY,2019,47.5
Haiti,HTI,2000,6127.92
Haiti,HTI,2001,5777.91
Haiti,HTI,2002,5438.26
Haiti,HTI,2003,5122.59
Haiti,HTI,2004,4806.1
Haiti,HTI,2005,4610.61
Haiti,HTI,2006,4434.89
Haiti,HTI,2007,4305.05
Haiti,HTI,2008,4153.69
Haiti,HTI,2009,4011.9
Haiti,HTI,2010,4585.94
Haiti,HTI,2011,4521.14
Haiti,HTI,2012,3602.47
Haiti,HTI,2013,3614.04
Haiti,HTI,2014,3368.77
Haiti,HTI,2015,3156.5
Haiti,HTI,2016,3037.63
Haiti,HTI,2017,2840.63
Haiti,HTI,2018,2668.95
Haiti,HTI,2019,2539.56
Honduras,HND,2000,1301.61
Honduras,HND,2001,1257.21
Honduras,HND,2002,1229.58
Honduras,HND,2003,1181.38
Honduras,HND,2004,1121.98
Honduras,HND,2005,1086.52
Honduras,HND,2006,1068.29
Honduras,HND,2007,1041.57
Honduras,HND,2008,1010.83
Honduras,HND,2009,996.49
Honduras,HND,2010,982.49
Honduras,HND,2011,992.6
Honduras,HND,2012,1081.75
Honduras,HND,2013,1074.56
Honduras,HND,2014,1073.16
Honduras,HND,2015,1084.78
Honduras,HND,2016,970.94
Honduras,HND,2017,971.47
Honduras,HND,2018,936.3
Honduras,HND,2019,922.5
Hungary,HUN,2000,16.97
Hungary,HUN,2001,9.44
Hungary,HUN,2002,22.37
Hungary,HUN,2003,8.23
Hungary,HUN,2004,4.53
Hungary,HUN,2005,18.99
Hungary,HUN,2006,28.99
Hungary,HUN,2007,27.69
Hungary,HUN,2008,26.18
Hungary,HUN,2009,95.4
Hungary,HUN,2010,132.36
Hungary,HUN,2011,243.5
Hungary,HUN,2012,409.07
Hungary,HUN,2013,411.85
Hungary,HUN,2014,325.49
Hungary,HUN,2015,354.46
Hungary,HUN,2016,297.44
Hungary,HUN,2017,294.97
Hungary,HUN,2018,305.9
Hungary,HUN,2019,280.9
Iceland,ISL,2000,1
Iceland,ISL,2001,0.68
Iceland,ISL,2002,0.68
Iceland,ISL,2003,1
Iceland,ISL,2004,1.33
Iceland,ISL,2005,0.68
Iceland,ISL,2006,0.34
Iceland,ISL,2007,2.04
Iceland,ISL,2008,2.36
Iceland,ISL,2009,2.65
Iceland,ISL,2010,2.36
Iceland,ISL,2011,4.16
Iceland,ISL,2012,5.58
Iceland,ISL,2013,6.29
Iceland,ISL,2014,6.06
Iceland,ISL,2015,5.3
Iceland,ISL,2016,4.96
Iceland,ISL,2017,3.71
Iceland,ISL,2018,2.69
Iceland,ISL,2019,0.97
India,IND,2000,1233147
India,IND,2001,1197202
India,IND,2002,1172760
India,IND,2003,1126296
India,IND,2004,1053842
India,IND,2005,1028846
India,IND,2006,1008273
India,IND,2007,1002052
India,IND,2008,984046.1
India,IND,2009,913215.1
India,IND,2010,885774.1
India,IND,2011,880135.2
India,IND,2012,837737.5
India,IND,2013,810350.3
India,IND,2014,757365.8
India,IND,2015,728104.9
India,IND,2016,708811.4
India,IND,2017,704606.4
India,IND,2018,687417.5
India,IND,2019,670314.5
Indonesia,IDN,2000,85619.92
Indonesia,IDN,2001,84548.54
Indonesia,IDN,2002,83547.3
Indonesia,IDN,2003,80784.12
Indonesia,IDN,2004,80051.25
Indonesia,IDN,2005,74303.42
Indonesia,IDN,2006,72443.13
Indonesia,IDN,2007,72751.93
Indonesia,IDN,2008,72083.26
Indonesia,IDN,2009,69992.7
Indonesia,IDN,2010,67387.91
Indonesia,IDN,2011,66597.44
Indonesia,IDN,2012,66333.35
Indonesia,IDN,2013,65482.67
Indonesia,IDN,2014,64771.56
Indonesia,IDN,2015,63851.83
Indonesia,IDN,2016,64250.51
Indonesia,IDN,2017,64567.59
Indonesia,IDN,2018,63903.32
Indonesia,IDN,2019,63965.94
Iran,IRN,2000,4465.3
Iran,IRN,2001,3950.03
Iran,IRN,2002,3507.89
Iran,IRN,2003,3054.17
Iran,IRN,2004,2869.99
Iran,IRN,2005,2639.31
Iran,IRN,2006,2481.88
Iran,IRN,2007,2437.32
Iran,IRN,2008,2287.4
Iran,IRN,2009,2194.15
Iran,IRN,2010,2094.79
Iran,IRN,2011,2070.4
Iran,IRN,2012,1998.12
Iran,IRN,2013,1974.83
Iran,IRN,2014,1962.94
Iran,IRN,2015,1961.27
Iran,IRN,2016,1957.46
Iran,IRN,2017,1942.21
Iran,IRN,2018,1883.38
Iran,IRN,2019,1836.12
Iraq,IRQ,2000,3540.5
Iraq,IRQ,2001,3424.2
Iraq,IRQ,2002,3257.12
Iraq,IRQ,2003,3330.88
Iraq,IRQ,2004,3101.76
Iraq,IRQ,2005,3101.05
Iraq,IRQ,2006,2759.51
Iraq,IRQ,2007,2500.46
Iraq,IRQ,2008,2740.8
Iraq,IRQ,2009,2522.11
Iraq,IRQ,2010,2528.05
Iraq,IRQ,2011,2457.19
Iraq,IRQ,2012,2256.84
Iraq,IRQ,2013,2079.67
Iraq,IRQ,2014,1789.42
Iraq,IRQ,2015,1776.88
Iraq,IRQ,2016,1645.01
Iraq,IRQ,2017,1576.52
Iraq,IRQ,2018,1681.95
Iraq,IRQ,2019,1578.14
Ireland,IRL,2000,32.67
Ireland,IRL,2001,27.51
Ireland,IRL,2002,30.3
Ireland,IRL,2003,26.15
Ireland,IRL,2004,23.57
Ireland,IRL,2005,27.99
Ireland,IRL,2006,21.68
Ireland,IRL,2007,46.68
Ireland,IRL,2008,37.26
Ireland,IRL,2009,38.19
Ireland,IRL,2010,29.05
Ireland,IRL,2011,29.98
Ireland,IRL,2012,27.92
Ireland,IRL,2013,42.87
Ireland,IRL,2014,53.27
Ireland,IRL,2015,48.67
Ireland,IRL,2016,48.72
Ireland,IRL,2017,50.24
Ireland,IRL,2018,51.61
Ireland,IRL,2019,52.58
Israel,ISR,2000,103.98
Israel,ISR,2001,101.52
Israel,ISR,2002,105.78
Israel,ISR,2003,103.27
Israel,ISR,2004,90.8
Israel,ISR,2005,93.89
Israel,ISR,2006,77.24
Israel,ISR,2007,118.08
Israel,ISR,2008,156.44
Israel,ISR,2009,132.53
Israel,ISR,2010,223.77
Israel,ISR,2011,183.4
Israel,ISR,2012,236.61
Israel,ISR,2013,257.03
Israel,ISR,2014,233.87
Israel,ISR,2015,223.22
Israel,ISR,2016,203.07
Israel,ISR,2017,156.25
Israel,ISR,2018,106.76
Israel,ISR,2019,166.19
Italy,ITA,2000,39.48
Italy,ITA,2001,56.66
Italy,ITA,2002,48.67
Italy,ITA,2003,127.13
Italy,ITA,2004,130.39
Italy,ITA,2005,193.01
Italy,ITA,2006,169.75
Italy,ITA,2007,175.36
Italy,ITA,2008,274.04
Italy,ITA,2009,295.98
Italy,ITA,2010,399.01
Italy,ITA,2011,525.07
Italy,ITA,2012,661.6
Italy,ITA,2013,718.91
Italy,ITA,2014,828.77
Italy,ITA,2015,993.26
Italy,ITA,2016,1539.36
Italy,ITA,2017,1820
Italy,ITA,2018,1564.32
Italy,ITA,2019,1621.92
Jamaica,JAM,2000,47.11
Jamaica,JAM,2001,39.61
Jamaica,JAM,2002,36.29
Jamaica,JAM,2003,33.51
Jamaica,JAM,2004,27.62
Jamaica,JAM,2005,19.63
Jamaica,JAM,2006,29.61
Jamaica,JAM,2007,26.5
Jamaica,JAM,2008,28.1
Jamaica,JAM,2009,35.68
Jamaica,JAM,2010,20.98
Jamaica,JAM,2011,23.38
Jamaica,JAM,2012,35.29
Jamaica,JAM,2013,33.11
Jamaica,JAM,2014,45.3
Jamaica,JAM,2015,39.62
Jamaica,JAM,2016,38.72
Jamaica,JAM,2017,38.27
Jamaica,JAM,2018,34.75
Jamaica,JAM,2019,34.61
Japan,JPN,2000,1246.15
Japan,JPN,2001,1311.88
Japan,JPN,2002,1293.45
Japan,JPN,2003,1465.82
Japan,JPN,2004,1507.93
Japan,JPN,2005,1836.11
Japan,JPN,2006,2295.74
Japan,JPN,2007,2354.66
Japan,JPN,2008,2317.15
Japan,JPN,2009,2253.3
Japan,JPN,2010,2488.28
Japan,JPN,2011,2499.46
Japan,JPN,2012,2961.18
Japan,JPN,2013,2856.92
Japan,JPN,2014,2672.2
Japan,JPN,2015,2604.03
Japan,JPN,2016,2867.27
Japan,JPN,2017,2686.91
Japan,JPN,2018,2706.96
Japan,JPN,2019,2731.07
Jordan,JOR,2000,264.82
Jordan,JOR,2001,232.38
Jordan,JOR,2002,211.92
Jordan,JOR,2003,203.41
Jordan,JOR,2004,196.55
Jordan,JOR,2005,186.79
Jordan,JOR,2006,178.6
Jordan,JOR,2007,171.44
Jordan,JOR,2008,167.72
Jordan,JOR,2009,164.53
Jordan,JOR,2010,162.37
Jordan,JOR,2011,157.18
Jordan,JOR,2012,159.2
Jordan,JOR,2013,156.14
Jordan,JOR,2014,151.86
Jordan,JOR,2015,148.9
Jordan,JOR,2016,146.64
Jordan,JOR,2017,147.53
Jordan,JOR,2018,149.82
Jordan,JOR,2019,152.15
Kazakhstan,KAZ,2000,993.91
Kazakhstan,KAZ,2001,840.74
Kazakhstan,KAZ,2002,722.11
Kazakhstan,KAZ,2003,632.72
Kazakhstan,KAZ,2004,560.77
Kazakhstan,KAZ,2005,501.54
Kazakhstan,KAZ,2006,455.44
Kazakhstan,KAZ,2007,440.98
Kazakhstan,KAZ,2008,438.35
Kazakhstan,KAZ,2009,437.04
Kazakhstan,KAZ,2010,432.96
Kazakhstan,KAZ,2011,417.34
Kazakhstan,KAZ,2012,403.05
Kazakhstan,KAZ,2013,373.77
Kazakhstan,KAZ,2014,340.29
Kazakhstan,KAZ,2015,310.29
Kazakhstan,KAZ,2016,290.2
Kazakhstan,KAZ,2017,272.47
Kazakhstan,KAZ,2018,260.56
Kazakhstan,KAZ,2019,257.8
Kenya,KEN,2000,23663.12
Kenya,KEN,2001,22012.42
Kenya,KEN,2002,20676.51
Kenya,KEN,2003,19178.84
Kenya,KEN,2004,17760.18
Kenya,KEN,2005,17198.33
Kenya,KEN,2006,17018.58
Kenya,KEN,2007,17356.71
Kenya,KEN,2008,17087.68
Kenya,KEN,2009,16786.92
Kenya,KEN,2010,16644.51
Kenya,KEN,2011,16869.61
Kenya,KEN,2012,16675.3
Kenya,KEN,2013,16568.35
Kenya,KEN,2014,16050.2
Kenya,KEN,2015,15342.7
Kenya,KEN,2016,15170.38
Kenya,KEN,2017,15401.27
Kenya,KEN,2018,15643.11
Kenya,KEN,2019,15419.83
Kiribati,KIR,2000,66.35
Kiribati,KIR,2001,64.8
Kiribati,KIR,2002,63.41
Kiribati,KIR,2003,61.04
Kiribati,KIR,2004,60.28
Kiribati,KIR,2005,60.18
Kiribati,KIR,2006,61.52
Kiribati,KIR,2007,62.81
Kiribati,KIR,2008,62.61
Kiribati,KIR,2009,63.21
Kiribati,KIR,2010,63.07
Kiribati,KIR,2011,63.36
Kiribati,KIR,2012,63.01
Kiribati,KIR,2013,63.86
Kiribati,KIR,2014,63.04
Kiribati,KIR,2015,60.15
Kiribati,KIR,2016,58.49
Kiribati,KIR,2017,57.58
Kiribati,KIR,2018,54.55
Kiribati,KIR,2019,54.41
Kuwait,KWT,2000,7.45
Kuwait,KWT,2001,8.81
Kuwait,KWT,2002,8.21
Kuwait,KWT,2003,8.61
Kuwait,KWT,2004,5
Kuwait,KWT,2005,9.05
Kuwait,KWT,2006,5.4
Kuwait,KWT,2007,8.74
Kuwait,KWT,2008,6.93
Kuwait,KWT,2009,6.59
Kuwait,KWT,2010,5.93
Kuwait,KWT,2011,6.81
Kuwait,KWT,2012,5.46
Kuwait,KWT,2013,5.68
Kuwait,KWT,2014,4.8
Kuwait,KWT,2015,5.42
Kuwait,KWT,2016,5.72
Kuwait,KWT,2017,5.94
Kuwait,KWT,2018,6
Kuwait,KWT,2019,6.19
Kyrgyzstan,KGZ,2000,516.99
Kyrgyzstan,KGZ,2001,489.96
Kyrgyzstan,KGZ,2002,386.44
Kyrgyzstan,KGZ,2003,272.58
Kyrgyzstan,KGZ,2004,251.18
Kyrgyzstan,KGZ,2005,252.52
Kyrgyzstan,KGZ,2006,264.92
Kyrgyzstan,KGZ,2007,256.44
Kyrgyzstan,KGZ,2008,269.04
Kyrgyzstan,KGZ,2009,221.98
Kyrgyzstan,KGZ,2010,173.9
Kyrgyzstan,KGZ,2011,216.84
Kyrgyzstan,KGZ,2012,181.38
Kyrgyzstan,KGZ,2013,124.29
Kyrgyzstan,KGZ,2014,131.85
Kyrgyzstan,KGZ,2015,131.6
Kyrgyzstan,KGZ,2016,93.41
Kyrgyzstan,KGZ,2017,104.94
Kyrgyzstan,KGZ,2018,96.28
Kyrgyzstan,KGZ,2019,87.71
Laos,LAO,2000,4341.14
Laos,LAO,2001,4154.6
Laos,LAO,2002,3917.85
Laos,LAO,2003,3489.72
Laos,LAO,2004,3136.69
Laos,LAO,2005,2977.04
Laos,LAO,2006,2844.4
Laos,LAO,2007,2548.49
Laos,LAO,2008,2809.83
Laos,LAO,2009,2647.86
Laos,LAO,2010,2505.63
Laos,LAO,2011,2375.41
Laos,LAO,2012,2236.19
Laos,LAO,2013,2089.11
Laos,LAO,2014,2033.98
Laos,LAO,2015,1916.22
Laos,LAO,2016,1812.35
Laos,LAO,2017,1734.89
Laos,LAO,2018,1641.1
Laos,LAO,2019,1551.52
Latvia,LVA,2000,4.29
Latvia,LVA,2001,8.49
Latvia,LVA,2002,5.21
Latvia,LVA,2003,3.23
Latvia,LVA,2004,0.99
Latvia,LVA,2005,4.65
Latvia,LVA,2006,1.07
Latvia,LVA,2007,7.48
Latvia,LVA,2008,1.29
Latvia,LVA,2009,1.02
Latvia,LVA,2010,5.75
Latvia,LVA,2011,3.48
Latvia,LVA,2012,2.15
Latvia,LVA,2013,4
Latvia,LVA,2014,4.48
Latvia,LVA,2015,7.37
Latvia,LVA,2016,17.25
Latvia,LVA,2017,8.38
Latvia,LVA,2018,13.79
Latvia,LVA,2019,13.61
Lebanon,LBN,2000,112.9
Lebanon,LBN,2001,110.23
Lebanon,LBN,2002,109.71
Lebanon,LBN,2003,98.96
Lebanon,LBN,2004,97.64
Lebanon,LBN,2005,88.94
Lebanon,LBN,2006,78.25
Lebanon,LBN,2007,79.26
Lebanon,LBN,2008,75.44
Lebanon,LBN,2009,71.44
Lebanon,LBN,2010,69.56
Lebanon,LBN,2011,72.3
Lebanon,LBN,2012,69.69
Lebanon,LBN,2013,69.3
Lebanon,LBN,2014,71.67
Lebanon,LBN,2015,75.07
Lebanon,LBN,2016,75.65
Lebanon,LBN,2017,79.12
Lebanon,LBN,2018,73.28
Lebanon,LBN,2019,80.91
Lesotho,LSO,2000,2258.93
Lesotho,LSO,2001,2194.5
Lesotho,LSO,2002,2223.58
Lesotho,LSO,2003,2297.42
Lesotho,LSO,2004,2235.78
Lesotho,LSO,2005,2187.91
Lesotho,LSO,2006,2342.26
Lesotho,LSO,2007,2382.71
Lesotho,LSO,2008,2619.78
Lesotho,LSO,2009,2635.26
Lesotho,LSO,2010,2561.16
Lesotho,LSO,2011,2594.18
Lesotho,LSO,2012,2693.83
Lesotho,LSO,2013,2745.18
Lesotho,LSO,2014,2748.17
Lesotho,LSO,2015,2689.53
Lesotho,LSO,2016,2624.59
Lesotho,LSO,2017,2472.47
Lesotho,LSO,2018,2429.08
Lesotho,LSO,2019,2354.14
Liberia,LBR,2000,3490.5
Liberia,LBR,2001,3300.65
Liberia,LBR,2002,3555.97
Liberia,LBR,2003,3262.48
Liberia,LBR,2004,3085.37
Liberia,LBR,2005,2907.66
Liberia,LBR,2006,2713.45
Liberia,LBR,2007,2591.62
Liberia,LBR,2008,2553.38
Liberia,LBR,2009,2493.11
Liberia,LBR,2010,2189.18
Liberia,LBR,2011,2333.86
Liberia,LBR,2012,2452.14
Liberia,LBR,2013,2367.39
Liberia,LBR,2014,2423.55
Liberia,LBR,2015,1860.9
Liberia,LBR,2016,1955.92
Liberia,LBR,2017,1813.08
Liberia,LBR,2018,1666.37
Liberia,LBR,2019,1591.73
Libya,LBY,2000,180.84
Libya,LBY,2001,177.39
Libya,LBY,2002,170.84
Libya,LBY,2003,162.17
Libya,LBY,2004,148.95
Libya,LBY,2005,141.79
Libya,LBY,2006,133.07
Libya,LBY,2007,123.7
Libya,LBY,2008,116.25
Libya,LBY,2009,111.71
Libya,LBY,2010,106.2
Libya,LBY,2011,95.46
Libya,LBY,2012,108.27
Libya,LBY,2013,102.16
Libya,LBY,2014,95.53
Libya,LBY,2015,96.28
Libya,LBY,2016,86.83
Libya,LBY,2017,99.07
Libya,LBY,2018,98.84
Libya,LBY,2019,91.5
Lithuania,LTU,2000,4.2
Lithuania,LTU,2001,3.89
Lithuania,LTU,2002,7.37
Lithuania,LTU,2003,6.13
Lithuania,LTU,2004,3.94
Lithuania,LTU,2005,2.03
Lithuania,LTU,2006,0.89
Lithuania,LTU,2007,1.06
Lithuania,LTU,2008,4.77
Lithuania,LTU,2009,3.3
Lithuania,LTU,2010,6.29
Lithuania,LTU,2011,7.02
Lithuania,LTU,2012,8.09
Lithuania,LTU,2013,4.06
Lithuania,LTU,2014,6.06
Lithuania,LTU,2015,16.6
Lithuania,LTU,2016,33.4
Lithuania,LTU,2017,55.03
Lithuania,LTU,2018,61.44
Lithuania,LTU,2019,59.37
Luxembourg,LUX,2000,4.92
Luxembourg,LUX,2001,4.4
Luxembourg,LUX,2002,3.66
Luxembourg,LUX,2003,3.8
Luxembourg,LUX,2004,3.92
Luxembourg,LUX,2005,4.46
Luxembourg,LUX,2006,8.76
Luxembourg,LUX,2007,9.57
Luxembourg,LUX,2008,11.43
Luxembourg,LUX,2009,7.58
Luxembourg,LUX,2010,6.54
Luxembourg,LUX,2011,4.74
Luxembourg,LUX,2012,7.36
Luxembourg,LUX,2013,5.78
Luxembourg,LUX,2014,4.27
Luxembourg,LUX,2015,0.71
Luxembourg,LUX,2016,6.55
Luxembourg,LUX,2017,9.7
Luxembourg,LUX,2018,5.98
Luxembourg,LUX,2019,6.17
Madagascar,MDG,2000,16893.28
Madagascar,MDG,2001,15829.98
Madagascar,MDG,2002,15188.72
Madagascar,MDG,2003,15207.07
Madagascar,MDG,2004,15205.77
Madagascar,MDG,2005,15070.55
Madagascar,MDG,2006,14796.56
Madagascar,MDG,2007,14689.76
Madagascar,MDG,2008,14691.38
Madagascar,MDG,2009,14329.54
Madagascar,MDG,2010,14185.81
Madagascar,MDG,2011,14288.28
Madagascar,MDG,2012,13822.49
Madagascar,MDG,2013,14178.13
Madagascar,MDG,2014,14170.23
Madagascar,MDG,2015,13330.87
Madagascar,MDG,2016,13464.87
Madagascar,MDG,2017,13317.39
Madagascar,MDG,2018,12887.67
Madagascar,MDG,2019,11085.02
Malawi,MWI,2000,14721.04
Malawi,MWI,2001,13406.46
Malawi,MWI,2002,11967.73
Malawi,MWI,2003,10927.71
Malawi,MWI,2004,9885.16
Malawi,MWI,2005,9212.69
Malawi,MWI,2006,9530.35
Malawi,MWI,2007,9654.56
Malawi,MWI,2008,9474.71
Malawi,MWI,2009,9489.43
Malawi,MWI,2010,8994.44
Malawi,MWI,2011,8339.79
Malawi,MWI,2012,8001.94
Malawi,MWI,2013,7241.38
Malawi,MWI,2014,7030.86
Malawi,MWI,2015,6767.51
Malawi,MWI,2016,6624.37
Malawi,MWI,2017,6413.22
Malawi,MWI,2018,6024.25
Malawi,MWI,2019,5781.88
Malaysia,MYS,2000,1208.04
Malaysia,MYS,2001,1233.56
Malaysia,MYS,2002,1242.59
Malaysia,MYS,2003,1221
Malaysia,MYS,2004,1209.45
Malaysia,MYS,2005,1216.49
Malaysia,MYS,2006,1244.72
Malaysia,MYS,2007,1268.34
Malaysia,MYS,2008,1312.2
Malaysia,MYS,2009,1366.07
Malaysia,MYS,2010,1515.68
Malaysia,MYS,2011,1603.93
Malaysia,MYS,2012,1492.16
Malaysia,MYS,2013,1426.88
Malaysia,MYS,2014,1468.54
Malaysia,MYS,2015,1497.54
Malaysia,MYS,2016,1573.86
Malaysia,MYS,2017,1645.77
Malaysia,MYS,2018,1693.69
Malaysia,MYS,2019,1772.62
Maldives,MDV,2000,29.41
Maldives,MDV,2001,26.74
Maldives,MDV,2002,21.59
Maldives,MDV,2003,23.42
Maldives,MDV,2004,20.66
Maldives,MDV,2005,20.44
Maldives,MDV,2006,20.19
Maldives,MDV,2007,19.42
Maldives,MDV,2008,18.88
Maldives,MDV,2009,18.25
Maldives,MDV,2010,17.44
Maldives,MDV,2011,16.38
Maldives,MDV,2012,16.25
Maldives,MDV,2013,15.46
Maldives,MDV,2014,15.33
Maldives,MDV,2015,15.34
Maldives,MDV,2016,15.82
Maldives,MDV,2017,15.63
Maldives,MDV,2018,14.98
Maldives,MDV,2019,14.35
Mali,MLI,2000,22272.19
Mali,MLI,2001,20341.53
Mali,MLI,2002,21580.23
Mali,MLI,2003,20175.65
Mali,MLI,2004,19372.18
Mali,MLI,2005,19028.02
Mali,MLI,2006,18823.72
Mali,MLI,2007,19173.51
Mali,MLI,2008,19017.17
Mali,MLI,2009,18063.25
Mali,MLI,2010,17393.67
Mali,MLI,2011,17409.76
Mali,MLI,2012,16692.51
Mali,MLI,2013,16171.43
Mali,MLI,2014,15596.82
Mali,MLI,2015,15212.18
Mali,MLI,2016,15202.69
Mali,MLI,2017,14758.25
Mali,MLI,2018,13981.84
Mali,MLI,2019,13419.35
Malta,MLT,2000,0.34
Malta,MLT,2001,0
Malta,MLT,2002,0.38
Malta,MLT,2003,0.38
Malta,MLT,2004,0.37
Malta,MLT,2005,0
Malta,MLT,2006,0.68
Malta,MLT,2007,1.73
Malta,MLT,2008,2.09
Malta,MLT,2009,1.41
Malta,MLT,2010,1.06
Malta,MLT,2011,2.42
Malta,MLT,2012,3.48
Malta,MLT,2013,2.81
Malta,MLT,2014,1.76
Malta,MLT,2015,1.05
Malta,MLT,2016,1.06
Malta,MLT,2017,0.55
Malta,MLT,2018,0.99
Malta,MLT,2019,1.04
Mauritania,MRT,2000,2255.47
Mauritania,MRT,2001,1825.91
Mauritania,MRT,2002,2041.87
Mauritania,MRT,2003,2143.57
Mauritania,MRT,2004,2033.66
Mauritania,MRT,2005,2373.68
Mauritania,MRT,2006,2335.05
Mauritania,MRT,2007,2287.54
Mauritania,MRT,2008,2234.92
Mauritania,MRT,2009,2140.2
Mauritania,MRT,2010,1843.39
Mauritania,MRT,2011,1926.71
Mauritania,MRT,2012,2095.75
Mauritania,MRT,2013,1984.57
Mauritania,MRT,2014,1991.93
Mauritania,MRT,2015,1903.72
Mauritania,MRT,2016,1805.95
Mauritania,MRT,2017,1749.33
Mauritania,MRT,2018,1661.94
Mauritania,MRT,2019,1656.41
Mauritius,MUS,2000,17.88
Mauritius,MUS,2001,15.33
Mauritius,MUS,2002,10.82
Mauritius,MUS,2003,14.15
Mauritius,MUS,2004,18.13
Mauritius,MUS,2005,10.89
Mauritius,MUS,2006,30.19
Mauritius,MUS,2007,16.71
Mauritius,MUS,2008,21.95
Mauritius,MUS,2009,25.38
Mauritius,MUS,2010,30.17
Mauritius,MUS,2011,29.71
Mauritius,MUS,2012,37.01
Mauritius,MUS,2013,43.41
Mauritius,MUS,2014,19.18
Mauritius,MUS,2015,15.37
Mauritius,MUS,2016,18.29
Mauritius,MUS,2017,17.04
Mauritius,MUS,2018,18.59
Mauritius,MUS,2019,22.57
Mexico,MEX,2000,6936.89
Mexico,MEX,2001,6718.96
Mexico,MEX,2002,6312.64
Mexico,MEX,2003,6313.57
Mexico,MEX,2004,5684.62
Mexico,MEX,2005,5813.77
Mexico,MEX,2006,5216.99
Mexico,MEX,2007,4904.13
Mexico,MEX,2008,4553.88
Mexico,MEX,2009,3994.27
Mexico,MEX,2010,3722.92
Mexico,MEX,2011,3867.32
Mexico,MEX,2012,3743.67
Mexico,MEX,2013,3862.12
Mexico,MEX,2014,3821.89
Mexico,MEX,2015,4060.95
Mexico,MEX,2016,4195.67
Mexico,MEX,2017,3964.08
Mexico,MEX,2018,3650.94
Mexico,MEX,2019,3475.81
Micronesia (country),FSM,2000,40.18
Micronesia (country),FSM,2001,34.29
Micronesia (country),FSM,2002,31.49
Micronesia (country),FSM,2003,30.37
Micronesia (country),FSM,2004,28.59
Micronesia (country),FSM,2005,26.61
Micronesia (country),FSM,2006,24.85
Micronesia (country),FSM,2007,23.16
Micronesia (country),FSM,2008,21.1
Micronesia (country),FSM,2009,19.92
Micronesia (country),FSM,2010,18.27
Micronesia (country),FSM,2011,17.88
Micronesia (country),FSM,2012,17.01
Micronesia (country),FSM,2013,16.33
Micronesia (country),FSM,2014,15.61
Micronesia (country),FSM,2015,14.88
Micronesia (country),FSM,2016,14.41
Micronesia (country),FSM,2017,14.12
Micronesia (country),FSM,2018,13.91
Micronesia (country),FSM,2019,13.43
Moldova,MDA,2000,27.94
Moldova,MDA,2001,23.19
Moldova,MDA,2002,14.73
Moldova,MDA,2003,13.97
Moldova,MDA,2004,11.74
Moldova,MDA,2005,11
Moldova,MDA,2006,5.19
Moldova,MDA,2007,5.37
Moldova,MDA,2008,7.44
Moldova,MDA,2009,7.59
Moldova,MDA,2010,5.44
Moldova,MDA,2011,5.85
Moldova,MDA,2012,3.44
Moldova,MDA,2013,4.12
Moldova,MDA,2014,5.25
Moldova,MDA,2015,5.46
Moldova,MDA,2016,6.34
Moldova,MDA,2017,4.07
Moldova,MDA,2018,1.22
Moldova,MDA,2019,3.55
Mongolia,MNG,2000,421.91
Mongolia,MNG,2001,360.26
Mongolia,MNG,2002,312.62
Mongolia,MNG,2003,275.21
Mongolia,MNG,2004,245.77
Mongolia,MNG,2005,226.56
Mongolia,MNG,2006,212.6
Mongolia,MNG,2007,202.65
Mongolia,MNG,2008,195.66
Mongolia,MNG,2009,188.7
Mongolia,MNG,2010,178.14
Mongolia,MNG,2011,166.3
Mongolia,MNG,2012,152.05
Mongolia,MNG,2013,135.96
Mongolia,MNG,2014,118.88
Mongolia,MNG,2015,99.74
Mongolia,MNG,2016,85.07
Mongolia,MNG,2017,80.65
Mongolia,MNG,2018,72.66
Mongolia,MNG,2019,66.33
Montenegro,MNE,2000,0.5
Montenegro,MNE,2001,0.5
Montenegro,MNE,2002,0.5
Montenegro,MNE,2003,0.51
Montenegro,MNE,2004,0.51
Montenegro,MNE,2005,0.51
Montenegro,MNE,2006,0.52
Montenegro,MNE,2007,0.52
Montenegro,MNE,2008,0.53
Montenegro,MNE,2009,0.53
Montenegro,MNE,2010,0.54
Montenegro,MNE,2011,0.56
Montenegro,MNE,2012,0.57
Montenegro,MNE,2013,0.57
Montenegro,MNE,2014,0.57
Montenegro,MNE,2015,0.58
Montenegro,MNE,2016,0.57
Montenegro,MNE,2017,0.58
Montenegro,MNE,2018,0.58
Montenegro,MNE,2019,0.58
Morocco,MAR,2000,3883.65
Morocco,MAR,2001,3651.99
Morocco,MAR,2002,3347.03
Morocco,MAR,2003,3092.53
Morocco,MAR,2004,2853.71
Morocco,MAR,2005,2663.07
Morocco,MAR,2006,2510.55
Morocco,MAR,2007,2405.61
Morocco,MAR,2008,2270.53
Morocco,MAR,2009,2140.63
Morocco,MAR,2010,2004.38
Morocco,MAR,2011,1740.65
Morocco,MAR,2012,1687.75
Morocco,MAR,2013,1635.63
Morocco,MAR,2014,1564.08
Morocco,MAR,2015,1472.95
Morocco,MAR,2016,1389.6
Morocco,MAR,2017,1329.95
Morocco,MAR,2018,1255.88
Morocco,MAR,2019,1191.68
Mozambique,MOZ,2000,20175.82
Mozambique,MOZ,2001,18804.16
Mozambique,MOZ,2002,17423.59
Mozambique,MOZ,2003,16594.41
Mozambique,MOZ,2004,16237.56
Mozambique,MOZ,2005,15500.43
Mozambique,MOZ,2006,16999.75
Mozambique,MOZ,2007,15991.94
Mozambique,MOZ,2008,16412.17
Mozambique,MOZ,2009,16757.06
Mozambique,MOZ,2010,15809.16
Mozambique,MOZ,2011,15742.16
Mozambique,MOZ,2012,15439.67
Mozambique,MOZ,2013,15122.6
Mozambique,MOZ,2014,14649.44
Mozambique,MOZ,2015,13960.26
Mozambique,MOZ,2016,13575.26
Mozambique,MOZ,2017,13839.83
Mozambique,MOZ,2018,13375.45
Mozambique,MOZ,2019,12927.53
Myanmar,MMR,2000,20153.92
Myanmar,MMR,2001,18732.69
Myanmar,MMR,2002,18800.16
Myanmar,MMR,2003,18543.32
Myanmar,MMR,2004,17854.73
Myanmar,MMR,2005,17099
Myanmar,MMR,2006,16314.97
Myanmar,MMR,2007,14995.09
Myanmar,MMR,2008,13928.53
Myanmar,MMR,2009,12668.16
Myanmar,MMR,2010,11560.66
Myanmar,MMR,2011,10828.56
Myanmar,MMR,2012,10074.19
Myanmar,MMR,2013,9670.91
Myanmar,MMR,2014,9394.83
Myanmar,MMR,2015,8829.75
Myanmar,MMR,2016,8576.09
Myanmar,MMR,2017,8241.06
Myanmar,MMR,2018,7811.47
Myanmar,MMR,2019,7237.4
Namibia,NAM,2000,1067.88
Namibia,NAM,2001,1019.67
Namibia,NAM,2002,992.7
Namibia,NAM,2003,972.85
Namibia,NAM,2004,927.28
Namibia,NAM,2005,975.83
Namibia,NAM,2006,987.73
Namibia,NAM,2007,1005.85
Namibia,NAM,2008,923.68
Namibia,NAM,2009,910.68
Namibia,NAM,2010,898.14
Namibia,NAM,2011,858.96
Namibia,NAM,2012,824.52
Namibia,NAM,2013,821.46
Namibia,NAM,2014,817.33
Namibia,NAM,2015,806.11
Namibia,NAM,2016,741.64
Namibia,NAM,2017,715.08
Namibia,NAM,2018,660.86
Namibia,NAM,2019,644.83
Nepal,NPL,2000,12230.68
Nepal,NPL,2001,10832.64
Nepal,NPL,2002,10709.92
Nepal,NPL,2003,9092.56
Nepal,NPL,2004,8113.89
Nepal,NPL,2005,9265.92
Nepal,NPL,2006,9207.14
Nepal,NPL,2007,8771.59
Nepal,NPL,2008,8389.13
Nepal,NPL,2009,8300.1
Nepal,NPL,2010,7851.99
Nepal,NPL,2011,7581.89
Nepal,NPL,2012,7194.59
Nepal,NPL,2013,7135.58
Nepal,NPL,2014,6834.64
Nepal,NPL,2015,6598.18
Nepal,NPL,2016,6359.52
Nepal,NPL,2017,6334.06
Nepal,NPL,2018,6222.93
Nepal,NPL,2019,6070.65
Netherlands,NLD,2000,29.64
Netherlands,NLD,2001,55.33
Netherlands,NLD,2002,71.35
Netherlands,NLD,2003,88.26
Netherlands,NLD,2004,108.84
Netherlands,NLD,2005,101.69
Netherlands,NLD,2006,116.32
Netherlands,NLD,2007,130.67
Netherlands,NLD,2008,180.68
Netherlands,NLD,2009,134.57
Netherlands,NLD,2010,161.19
Netherlands,NLD,2011,175.65
Netherlands,NLD,2012,196.76
Netherlands,NLD,2013,568.3
Netherlands,NLD,2014,508.61
Netherlands,NLD,2015,569.95
Netherlands,NLD,2016,538.22
Netherlands,NLD,2017,539.99
Netherlands,NLD,2018,608.62
Netherlands,NLD,2019,583.94
New Zealand,NZL,2000,17.7
New Zealand,NZL,2001,11.58
New Zealand,NZL,2002,18.07
New Zealand,NZL,2003,10.22
New Zealand,NZL,2004,15.98
New Zealand,NZL,2005,16.16
New Zealand,NZL,2006,18.7
New Zealand,NZL,2007,60.46
New Zealand,NZL,2008,61.32
New Zealand,NZL,2009,101.27
New Zealand,NZL,2010,61.9
New Zealand,NZL,2011,82.89
New Zealand,NZL,2012,96.39
New Zealand,NZL,2013,65.54
New Zealand,NZL,2014,94.53
New Zealand,NZL,2015,73.06
New Zealand,NZL,2016,56.55
New Zealand,NZL,2017,80.36
New Zealand,NZL,2018,79.54
New Zealand,NZL,2019,80.84
Nicaragua,NIC,2000,540.21
Nicaragua,NIC,2001,497
Nicaragua,NIC,2002,478.81
Nicaragua,NIC,2003,462.64
Nicaragua,NIC,2004,453.16
Nicaragua,NIC,2005,374.79
Nicaragua,NIC,2006,346.26
Nicaragua,NIC,2007,294.36
Nicaragua,NIC,2008,257.93
Nicaragua,NIC,2009,228.14
Nicaragua,NIC,2010,209.46
Nicaragua,NIC,2011,199.65
Nicaragua,NIC,2012,173.48
Nicaragua,NIC,2013,166.34
Nicaragua,NIC,2014,139.72
Nicaragua,NIC,2015,162.16
Nicaragua,NIC,2016,160.65
Nicaragua,NIC,2017,116.07
Nicaragua,NIC,2018,125.35
Nicaragua,NIC,2019,122.38
Niger,NER,2000,32659.43
Niger,NER,2001,27885.69
Niger,NER,2002,28537.88
Niger,NER,2003,25267.98
Niger,NER,2004,22954.18
Niger,NER,2005,25740.33
Niger,NER,2006,24230.11
Niger,NER,2007,23398.9
Niger,NER,2008,21669.42
Niger,NER,2009,20768.78
Niger,NER,2010,19897.69
Niger,NER,2011,19023.73
Niger,NER,2012,18357.35
Niger,NER,2013,17995.67
Niger,NER,2014,17704.64
Niger,NER,2015,16920.91
Niger,NER,2016,17114.06
Niger,NER,2017,17048.65
Niger,NER,2018,16548.69
Niger,NER,2019,16030.38
Nigeria,NGA,2000,190286.4
Nigeria,NGA,2001,194624.8
Nigeria,NGA,2002,202766.5
Nigeria,NGA,2003,173101.5
Nigeria,NGA,2004,183288.5
Nigeria,NGA,2005,158809.1
Nigeria,NGA,2006,178877.7
Nigeria,NGA,2007,176267
Nigeria,NGA,2008,170053
Nigeria,NGA,2009,169049.5
Nigeria,NGA,2010,166444.2
Nigeria,NGA,2011,162058.2
Nigeria,NGA,2012,160256
Nigeria,NGA,2013,153642.6
Nigeria,NGA,2014,163938
Nigeria,NGA,2015,163288.3
Nigeria,NGA,2016,164897.9
Nigeria,NGA,2017,160489.8
Nigeria,NGA,2018,155975.1
Nigeria,NGA,2019,144724.1
North America,,2000,24480.22
North America,,2001,23780.6
North America,,2002,23613.88
North America,,2003,23856.01
North America,,2004,24295.96
North America,,2005,25418.07
North America,,2006,25041.01
North America,,2007,24520.41
North America,,2008,24742.7
North America,,2009,26232.24
North America,,2010,26466.82
North America,,2011,27108.041
North America,,2012,25563.87
North America,,2013,25068.55
North America,,2014,23807.16
North America,,2015,23895.7
North America,,2016,22910.32
North America,,2017,21830.15
North America,,2018,22044.59
North America,,2019,21714.4
North Korea,PRK,2000,2440.24
North Korea,PRK,2001,1778.61
North Korea,PRK,2002,1342.57
North Korea,PRK,2003,1022.74
North Korea,PRK,2004,764.95
North Korea,PRK,2005,946.38
North Korea,PRK,2006,878.09
North Korea,PRK,2007,603.92
North Korea,PRK,2008,636.51
North Korea,PRK,2009,588.66
North Korea,PRK,2010,557.72
North Korea,PRK,2011,526.85
North Korea,PRK,2012,470.24
North Korea,PRK,2013,458.37
North Korea,PRK,2014,445
North Korea,PRK,2015,453.74
North Korea,PRK,2016,416.03
North Korea,PRK,2017,336.83
North Korea,PRK,2018,386.46
North Korea,PRK,2019,374.46
North Macedonia,MKD,2000,41.86
North Macedonia,MKD,2001,24.4
North Macedonia,MKD,2002,21.33
North Macedonia,MKD,2003,17.47
North Macedonia,MKD,2004,12.24
North Macedonia,MKD,2005,12.45
North Macedonia,MKD,2006,1.3
North Macedonia,MKD,2007,4.32
North Macedonia,MKD,2008,7.98
North Macedonia,MKD,2009,5.24
North Macedonia,MKD,2010,2.36
North Macedonia,MKD,2011,1.76
North Macedonia,MKD,2012,8.52
North Macedonia,MKD,2013,0
North Macedonia,MKD,2014,3.22
North Macedonia,MKD,2015,3.12
North Macedonia,MKD,2016,3.02
North Macedonia,MKD,2017,2.85
North Macedonia,MKD,2018,1.2
North Macedonia,MKD,2019,1.04
Norway,NOR,2000,83.17
Norway,NOR,2001,64.32
Norway,NOR,2002,122.45
Norway,NOR,2003,146.32
Norway,NOR,2004,102.64
Norway,NOR,2005,153.54
Norway,NOR,2006,169.32
Norway,NOR,2007,177.23
Norway,NOR,2008,246.55
Norway,NOR,2009,231.21
Norway,NOR,2010,240.12
Norway,NOR,2011,220.2
Norway,NOR,2012,187.82
Norway,NOR,2013,166.04
Norway,NOR,2014,118.48
Norway,NOR,2015,144.82
Norway,NOR,2016,96.13
Norway,NOR,2017,126.54
Norway,NOR,2018,127.93
Norway,NOR,2019,127.81
Oceania,,2000,2871.15
Oceania,,2001,2954.9102
Oceania,,2002,2827.3699
Oceania,,2003,2972.43
Oceania,,2004,2970.4302
Oceania,,2005,2986.9001
Oceania,,2006,3057.92
Oceania,,2007,3205.1301
Oceania,,2008,3167.21
Oceania,,2009,3129.74
Oceania,,2010,3179.5898
Oceania,,2011,3258.71
Oceania,,2012,3304.83
Oceania,,2013,3352.14
Oceania,,2014,3379.9
Oceania,,2015,3291.92
Oceania,,2016,3148.68
Oceania,,2017,3292.06
Oceania,,2018,3169.53
Oceania,,2019,3149.71
Oman,OMN,2000,74.17
Oman,OMN,2001,69.72
Oman,OMN,2002,63.34
Oman,OMN,2003,61.62
Oman,OMN,2004,59.23
Oman,OMN,2005,58.24
Oman,OMN,2006,58.8
Oman,OMN,2007,57.04
Oman,OMN,2008,57.33
Oman,OMN,2009,58.6
Oman,OMN,2010,61.46
Oman,OMN,2011,59.91
Oman,OMN,2012,59.85
Oman,OMN,2013,64.46
Oman,OMN,2014,67.19
Oman,OMN,2015,69.83
Oman,OMN,2016,71.65
Oman,OMN,2017,74.66
Oman,OMN,2018,75.8
Oman,OMN,2019,78.26
Pakistan,PAK,2000,149632
Pakistan,PAK,2001,144005.2
Pakistan,PAK,2002,140254.3
Pakistan,PAK,2003,136778.8
Pakistan,PAK,2004,132884.8
Pakistan,PAK,2005,122322.5
Pakistan,PAK,2006,126143.3
Pakistan,PAK,2007,123986.2
Pakistan,PAK,2008,122238.6
Pakistan,PAK,2009,120557.9
Pakistan,PAK,2010,117016.1
Pakistan,PAK,2011,117157.5
Pakistan,PAK,2012,116463.9
Pakistan,PAK,2013,114825.7
Pakistan,PAK,2014,115286.6
Pakistan,PAK,2015,113408.4
Pakistan,PAK,2016,112069.9
Pakistan,PAK,2017,110074.2
Pakistan,PAK,2018,103746.2
Pakistan,PAK,2019,104382.6
Panama,PAN,2000,138.42
Panama,PAN,2001,156.27
Panama,PAN,2002,110.49
Panama,PAN,2003,135.63
Panama,PAN,2004,142.59
Panama,PAN,2005,190.62
Panama,PAN,2006,103.02
Panama,PAN,2007,201.24
Panama,PAN,2008,179.79
Panama,PAN,2009,230.76
Panama,PAN,2010,199.89
Panama,PAN,2011,159.49
Panama,PAN,2012,141.69
Panama,PAN,2013,175.26
Panama,PAN,2014,178.69
Panama,PAN,2015,124.45
Panama,PAN,2016,176.96
Panama,PAN,2017,188.4
Panama,PAN,2018,163.59
Panama,PAN,2019,162.99
Papua New Guinea,PNG,2000,2339.68
Papua New Guinea,PNG,2001,2430.73
Papua New Guinea,PNG,2002,2282.96
Papua New Guinea,PNG,2003,2441.37
Papua New Guinea,PNG,2004,2415.53
Papua New Guinea,PNG,2005,2425.54
Papua New Guinea,PNG,2006,2460.54
Papua New Guinea,PNG,2007,2550.54
Papua New Guinea,PNG,2008,2526.29
Papua New Guinea,PNG,2009,2426.82
Papua New Guinea,PNG,2010,2514.13
Papua New Guinea,PNG,2011,2530.76
Papua New Guinea,PNG,2012,2551.51
Papua New Guinea,PNG,2013,2504.04
Papua New Guinea,PNG,2014,2515.1
Papua New Guinea,PNG,2015,2444.71
Papua New Guinea,PNG,2016,2325.63
Papua New Guinea,PNG,2017,2396.62
Papua New Guinea,PNG,2018,2336.91
Papua New Guinea,PNG,2019,2294.99
Paraguay,PRY,2000,546.81
Paraguay,PRY,2001,482.93
Paraguay,PRY,2002,470.43
Paraguay,PRY,2003,420.82
Paraguay,PRY,2004,429.5
Paraguay,PRY,2005,391.62
Paraguay,PRY,2006,331.37
Paraguay,PRY,2007,311.02
Paraguay,PRY,2008,291.42
Paraguay,PRY,2009,336.87
Paraguay,PRY,2010,276.63
Paraguay,PRY,2011,272.03
Paraguay,PRY,2012,227.65
Paraguay,PRY,2013,223.65
Paraguay,PRY,2014,201.7
Paraguay,PRY,2015,194.05
Paraguay,PRY,2016,200.6
Paraguay,PRY,2017,201.23
Paraguay,PRY,2018,192.03
Paraguay,PRY,2019,192.14
Peru,PER,2000,2475.51
Peru,PER,2001,2270.25
Peru,PER,2002,2110.08
Peru,PER,2003,2013.3
Peru,PER,2004,1845.63
Peru,PER,2005,1748.37
Peru,PER,2006,1589.55
Peru,PER,2007,1436.52
Peru,PER,2008,1339.13
Peru,PER,2009,1327.04
Peru,PER,2010,1285.48
Peru,PER,2011,1232.82
Peru,PER,2012,1194.93
Peru,PER,2013,1170.28
Peru,PER,2014,1133.05
Peru,PER,2015,1094.12
Peru,PER,2016,1075.21
Peru,PER,2017,1094.11
Peru,PER,2018,1097.5
Peru,PER,2019,1108.15
Philippines,PHL,2000,10517.69
Philippines,PHL,2001,10164.48
Philippines,PHL,2002,9677.49
Philippines,PHL,2003,9065.99
Philippines,PHL,2004,9533.13
Philippines,PHL,2005,9281.4
Philippines,PHL,2006,9622.43
Philippines,PHL,2007,8970.15
Philippines,PHL,2008,9019.45
Philippines,PHL,2009,8723.12
Philippines,PHL,2010,7970.91
Philippines,PHL,2011,8050.72
Philippines,PHL,2012,7786.98
Philippines,PHL,2013,7317.78
Philippines,PHL,2014,7055.09
Philippines,PHL,2015,6977.82
Philippines,PHL,2016,6768.4
Philippines,PHL,2017,6634.86
Philippines,PHL,2018,6414.03
Philippines,PHL,2019,6188.73
Poland,POL,2000,31.08
Poland,POL,2001,36.57
Poland,POL,2002,37.74
Poland,POL,2003,24.07
Poland,POL,2004,17.4
Poland,POL,2005,28.51
Poland,POL,2006,19.75
Poland,POL,2007,45.78
Poland,POL,2008,45.51
Poland,POL,2009,74.15
Poland,POL,2010,114.83
Poland,POL,2011,137.44
Poland,POL,2012,183.68
Poland,POL,2013,327.93
Poland,POL,2014,436.09
Poland,POL,2015,575.5
Poland,POL,2016,598.38
Poland,POL,2017,889.24
Poland,POL,2018,895.31
Poland,POL,2019,839.01
Portugal,PRT,2000,12.26
Portugal,PRT,2001,20.34
Portugal,PRT,2002,24.21
Portugal,PRT,2003,45.14
Portugal,PRT,2004,43.46
Portugal,PRT,2005,46.38
Portugal,PRT,2006,49.54
Portugal,PRT,2007,59.96
Portugal,PRT,2008,63.39
Portugal,PRT,2009,86.47
Portugal,PRT,2010,76.69
Portugal,PRT,2011,108.51
Portugal,PRT,2012,125.55
Portugal,PRT,2013,252.07
Portugal,PRT,2014,227.67
Portugal,PRT,2015,170.64
Portugal,PRT,2016,237.45
Portugal,PRT,2017,214.16
Portugal,PRT,2018,256.19
Portugal,PRT,2019,230.62
Qatar,QAT,2000,5.07
Qatar,QAT,2001,4.94
Qatar,QAT,2002,4.67
Qatar,QAT,2003,4.46
Qatar,QAT,2004,4.5
Qatar,QAT,2005,4.66
Qatar,QAT,2006,4.91
Qatar,QAT,2007,6.36
Qatar,QAT,2008,6.99
Qatar,QAT,2009,7.73
Qatar,QAT,2010,8.26
Qatar,QAT,2011,9.14
Qatar,QAT,2012,9.36
Qatar,QAT,2013,9.16
Qatar,QAT,2014,9.19
Qatar,QAT,2015,9.42
Qatar,QAT,2016,9.66
Qatar,QAT,2017,9.62
Qatar,QAT,2018,9.86
Qatar,QAT,2019,9.94
Romania,ROU,2000,122.59
Romania,ROU,2001,100.91
Romania,ROU,2002,102.64
Romania,ROU,2003,109.72
Romania,ROU,2004,104.56
Romania,ROU,2005,88.26
Romania,ROU,2006,81.01
Romania,ROU,2007,46.36
Romania,ROU,2008,48.68
Romania,ROU,2009,38.79
Romania,ROU,2010,46.8
Romania,ROU,2011,55.77
Romania,ROU,2012,39.65
Romania,ROU,2013,93.2
Romania,ROU,2014,117.14
Romania,ROU,2015,175.06
Romania,ROU,2016,180.87
Romania,ROU,2017,219.74
Romania,ROU,2018,245.04
Romania,ROU,2019,223.44
Russia,RUS,2000,1261.06
Russia,RUS,2001,1118.57
Russia,RUS,2002,1010.95
Russia,RUS,2003,914.8
Russia,RUS,2004,799.37
Russia,RUS,2005,714.37
Russia,RUS,2006,617.21
Russia,RUS,2007,558.55
Russia,RUS,2008,537.01
Russia,RUS,2009,519.53
Russia,RUS,2010,511.52
Russia,RUS,2011,482.58
Russia,RUS,2012,453.39
Russia,RUS,2013,441.11
Russia,RUS,2014,460.3
Russia,RUS,2015,455.17
Russia,RUS,2016,452.31
Russia,RUS,2017,434.32
Russia,RUS,2018,419.42
Russia,RUS,2019,403.2
Rwanda,RWA,2000,17524.02
Rwanda,RWA,2001,16087.5
Rwanda,RWA,2002,13936.7
Rwanda,RWA,2003,12216.11
Rwanda,RWA,2004,10455.41
Rwanda,RWA,2005,9016.15
Rwanda,RWA,2006,8016.94
Rwanda,RWA,2007,7139.82
Rwanda,RWA,2008,6310.63
Rwanda,RWA,2009,5634.37
Rwanda,RWA,2010,5178.96
Rwanda,RWA,2011,4721.16
Rwanda,RWA,2012,4261.27
Rwanda,RWA,2013,3903.5
Rwanda,RWA,2014,3739.8
Rwanda,RWA,2015,3577.98
Rwanda,RWA,2016,3460.03
Rwanda,RWA,2017,3389.61
Rwanda,RWA,2018,3239.7
Rwanda,RWA,2019,3121.24
Saint Lucia,LCA,2000,6.14
Saint Lucia,LCA,2001,5.37
Saint Lucia,LCA,2002,4.4
Saint Lucia,LCA,2003,4.02
Saint Lucia,LCA,2004,4.17
Saint Lucia,LCA,2005,4.11
Saint Lucia,LCA,2006,4.26
Saint Lucia,LCA,2007,3.75
Saint Lucia,LCA,2008,3.85
Saint Lucia,LCA,2009,3.57
Saint Lucia,LCA,2010,3.57
Saint Lucia,LCA,2011,3.46
Saint Lucia,LCA,2012,3.68
Saint Lucia,LCA,2013,3.78
Saint Lucia,LCA,2014,4.11
Saint Lucia,LCA,2015,4.1
Saint Lucia,LCA,2016,4.3
Saint Lucia,LCA,2017,4.49
Saint Lucia,LCA,2018,4.56
Saint Lucia,LCA,2019,4.58
Saint Vincent and the Grenadines,VCT,2000,4.25
Saint Vincent and the Grenadines,VCT,2001,3.34
Saint Vincent and the Grenadines,VCT,2002,4.42
Saint Vincent and the Grenadines,VCT,2003,3.46
Saint Vincent and the Grenadines,VCT,2004,4.48
Saint Vincent and the Grenadines,VCT,2005,2.82
Saint Vincent and the Grenadines,VCT,2006,1.69
Saint Vincent and the Grenadines,VCT,2007,0
Saint Vincent and the Grenadines,VCT,2008,1.45
Saint Vincent and the Grenadines,VCT,2009,0.4
Saint Vincent and the Grenadines,VCT,2010,1.35
Saint Vincent and the Grenadines,VCT,2011,1.42
Saint Vincent and the Grenadines,VCT,2012,1.13
Saint Vincent and the Grenadines,VCT,2013,1.95
Saint Vincent and the Grenadines,VCT,2014,3.4
Saint Vincent and the Grenadines,VCT,2015,3.94
Saint Vincent and the Grenadines,VCT,2016,2.57
Saint Vincent and the Grenadines,VCT,2017,1.65
Saint Vincent and the Grenadines,VCT,2018,2.14
Saint Vincent and the Grenadines,VCT,2019,1.98
Samoa,WSM,2000,14.73
Samoa,WSM,2001,14.27
Samoa,WSM,2002,14.73
Samoa,WSM,2003,14.67
Samoa,WSM,2004,16.05
Samoa,WSM,2005,14.85
Samoa,WSM,2006,15.65
Samoa,WSM,2007,16.54
Samoa,WSM,2008,15.18
Samoa,WSM,2009,16.01
Samoa,WSM,2010,14.64
Samoa,WSM,2011,13.33
Samoa,WSM,2012,13.5
Samoa,WSM,2013,13.85
Samoa,WSM,2014,13.81
Samoa,WSM,2015,13.04
Samoa,WSM,2016,13.14
Samoa,WSM,2017,12.8
Samoa,WSM,2018,13.2
Samoa,WSM,2019,11.92
Sao Tome and Principe,STP,2000,82.01
Sao Tome and Principe,STP,2001,73.28
Sao Tome and Principe,STP,2002,66.04
Sao Tome and Principe,STP,2003,58.38
Sao Tome and Principe,STP,2004,54.39
Sao Tome and Principe,STP,2005,57.06
Sao Tome and Principe,STP,2006,58.42
Sao Tome and Principe,STP,2007,55.5
Sao Tome and Principe,STP,2008,55.33
Sao Tome and Principe,STP,2009,49.88
Sao Tome and Principe,STP,2010,45.75
Sao Tome and Principe,STP,2011,40.92
Sao Tome and Principe,STP,2012,38.5
Sao Tome and Principe,STP,2013,38.98
Sao Tome and Principe,STP,2014,36.4
Sao Tome and Principe,STP,2015,32.87
Sao Tome and Principe,STP,2016,30.26
Sao Tome and Principe,STP,2017,28.85
Sao Tome and Principe,STP,2018,26.14
Sao Tome and Principe,STP,2019,23.9
Saudi Arabia,SAU,2000,856.55
Saudi Arabia,SAU,2001,806.47
Saudi Arabia,SAU,2002,736.25
Saudi Arabia,SAU,2003,697.8
Saudi Arabia,SAU,2004,650.55
Saudi Arabia,SAU,2005,608.52
Saudi Arabia,SAU,2006,584.11
Saudi Arabia,SAU,2007,565.33
Saudi Arabia,SAU,2008,550.99
Saudi Arabia,SAU,2009,531.51
Saudi Arabia,SAU,2010,512.27
Saudi Arabia,SAU,2011,499.79
Saudi Arabia,SAU,2012,489.58
Saudi Arabia,SAU,2013,483.73
Saudi Arabia,SAU,2014,480.66
Saudi Arabia,SAU,2015,458.37
Saudi Arabia,SAU,2016,466.38
Saudi Arabia,SAU,2017,466.34
Saudi Arabia,SAU,2018,461.23
Saudi Arabia,SAU,2019,456.6
Senegal,SEN,2000,12051.66
Senegal,SEN,2001,10119.47
Senegal,SEN,2002,7796.21
Senegal,SEN,2003,9883.33
Senegal,SEN,2004,9909.78
Senegal,SEN,2005,9293.69
Senegal,SEN,2006,8838.24
Senegal,SEN,2007,8401.12
Senegal,SEN,2008,7994.36
Senegal,SEN,2009,7450.72
Senegal,SEN,2010,7138.96
Senegal,SEN,2011,6921.03
Senegal,SEN,2012,6767.51
Senegal,SEN,2013,6636.52
Senegal,SEN,2014,6699.03
Senegal,SEN,2015,6217.68
Senegal,SEN,2016,5996.02
Senegal,SEN,2017,5861.31
Senegal,SEN,2018,5588.88
Senegal,SEN,2019,5342.99
Serbia,SRB,2000,20.93
Serbia,SRB,2001,13.48
Serbia,SRB,2002,4.03
Serbia,SRB,2003,16.94
Serbia,SRB,2004,2.67
Serbia,SRB,2005,17.29
Serbia,SRB,2006,7.82
Serbia,SRB,2007,12.44
Serbia,SRB,2008,23.57
Serbia,SRB,2009,21.5
Serbia,SRB,2010,33.38
Serbia,SRB,2011,58.96
Serbia,SRB,2012,81.11
Serbia,SRB,2013,129.7
Serbia,SRB,2014,153.08
Serbia,SRB,2015,206.98
Serbia,SRB,2016,152.26
Serbia,SRB,2017,107.4
Serbia,SRB,2018,163.84
Serbia,SRB,2019,167.02
Seychelles,SYC,2000,7.12
Seychelles,SYC,2001,7.08
Seychelles,SYC,2002,6.6
Seychelles,SYC,2003,6.55
Seychelles,SYC,2004,6.57
Seychelles,SYC,2005,6.44
Seychelles,SYC,2006,6.44
Seychelles,SYC,2007,6.65
Seychelles,SYC,2008,6.74
Seychelles,SYC,2009,6.56
Seychelles,SYC,2010,6.38
Seychelles,SYC,2011,6.29
Seychelles,SYC,2012,6.33
Seychelles,SYC,2013,6.33
Seychelles,SYC,2014,6.4
Seychelles,SYC,2015,6.32
Seychelles,SYC,2016,6.15
Seychelles,SYC,2017,6.21
Seychelles,SYC,2018,6.08
Seychelles,SYC,2019,5.93
Sierra Leone,SLE,2000,8869.34
Sierra Leone,SLE,2001,8642.08
Sierra Leone,SLE,2002,8566.73
Sierra Leone,SLE,2003,8276.48
Sierra Leone,SLE,2004,8644.68
Sierra Leone,SLE,2005,8049.49
Sierra Leone,SLE,2006,7731.99
Sierra Leone,SLE,2007,7501.43
Sierra Leone,SLE,2008,7373.5
Sierra Leone,SLE,2009,6823.1
Sierra Leone,SLE,2010,6907.47
Sierra Leone,SLE,2011,6764.44
Sierra Leone,SLE,2012,6892.15
Sierra Leone,SLE,2013,6978.29
Sierra Leone,SLE,2014,6524.95
Sierra Leone,SLE,2015,6162.27
Sierra Leone,SLE,2016,5745.88
Sierra Leone,SLE,2017,5553.22
Sierra Leone,SLE,2018,5456.4
Sierra Leone,SLE,2019,5274.85
Singapore,SGP,2000,18.31
Singapore,SGP,2001,20.29
Singapore,SGP,2002,12.66
Singapore,SGP,2003,15.79
Singapore,SGP,2004,15.99
Singapore,SGP,2005,17.28
Singapore,SGP,2006,17.19
Singapore,SGP,2007,18.01
Singapore,SGP,2008,12.94
Singapore,SGP,2009,18.06
Singapore,SGP,2010,31.5
Singapore,SGP,2011,32.1
Singapore,SGP,2012,20.8
Singapore,SGP,2013,30.82
Singapore,SGP,2014,36.35
Singapore,SGP,2015,43.18
Singapore,SGP,2016,37.33
Singapore,SGP,2017,46
Singapore,SGP,2018,42.97
Singapore,SGP,2019,27.69
Slovakia,SVK,2000,12
Slovakia,SVK,2001,7.35
Slovakia,SVK,2002,16.99
Slovakia,SVK,2003,14.9
Slovakia,SVK,2004,8.42
Slovakia,SVK,2005,6.66
Slovakia,SVK,2006,11.24
Slovakia,SVK,2007,8.16
Slovakia,SVK,2008,11.55
Slovakia,SVK,2009,17.62
Slovakia,SVK,2010,9.84
Slovakia,SVK,2011,20.31
Slovakia,SVK,2012,22.3
Slovakia,SVK,2013,21.62
Slovakia,SVK,2014,46.88
Slovakia,SVK,2015,31.7
Slovakia,SVK,2016,32.58
Slovakia,SVK,2017,33.28
Slovakia,SVK,2018,33.39
Slovakia,SVK,2019,33.9
Slovenia,SVN,2000,5.08
Slovenia,SVN,2001,5.44
Slovenia,SVN,2002,8.99
Slovenia,SVN,2003,3.45
Slovenia,SVN,2004,2.89
Slovenia,SVN,2005,3.9
Slovenia,SVN,2006,4.04
Slovenia,SVN,2007,2.09
Slovenia,SVN,2008,2.99
Slovenia,SVN,2009,2.95
Slovenia,SVN,2010,3.02
Slovenia,SVN,2011,4.88
Slovenia,SVN,2012,4.04
Slovenia,SVN,2013,3.07
Slovenia,SVN,2014,6.12
Slovenia,SVN,2015,7.11
Slovenia,SVN,2016,8.19
Slovenia,SVN,2017,1.05
Slovenia,SVN,2018,2.08
Slovenia,SVN,2019,4.09
Solomon Islands,SLB,2000,172.88
Solomon Islands,SLB,2001,174.81
Solomon Islands,SLB,2002,183.49
Solomon Islands,SLB,2003,192.26
Solomon Islands,SLB,2004,183.35
Solomon Islands,SLB,2005,193.38
Solomon Islands,SLB,2006,198.98
Solomon Islands,SLB,2007,216.43
Solomon Islands,SLB,2008,229.31
Solomon Islands,SLB,2009,229.5
Solomon Islands,SLB,2010,227.5
Solomon Islands,SLB,2011,225.38
Solomon Islands,SLB,2012,225.45
Solomon Islands,SLB,2013,223.03
Solomon Islands,SLB,2014,222.58
Solomon Islands,SLB,2015,221.16
Solomon Islands,SLB,2016,219.66
Solomon Islands,SLB,2017,217.33
Solomon Islands,SLB,2018,218.99
Solomon Islands,SLB,2019,218.25
Somalia,SOM,2000,22956.2
Somalia,SOM,2001,22602.76
Somalia,SOM,2002,18560.03
Somalia,SOM,2003,19781.8
Somalia,SOM,2004,17350.93
Somalia,SOM,2005,21693.46
Somalia,SOM,2006,24686.8
Somalia,SOM,2007,23949.88
Somalia,SOM,2008,23433.5
Somalia,SOM,2009,22797.67
Somalia,SOM,2010,21770.01
Somalia,SOM,2011,17142.68
Somalia,SOM,2012,18627.45
Somalia,SOM,2013,19226.24
Somalia,SOM,2014,14794.8
Somalia,SOM,2015,15396.58
Somalia,SOM,2016,15835.28
Somalia,SOM,2017,12993.51
Somalia,SOM,2018,13404.59
Somalia,SOM,2019,15362.67
South Africa,ZAF,2000,17979.57
South Africa,ZAF,2001,18557.54
South Africa,ZAF,2002,19113.19
South Africa,ZAF,2003,19589.89
South Africa,ZAF,2004,19898.95
South Africa,ZAF,2005,20278.07
South Africa,ZAF,2006,20371.99
South Africa,ZAF,2007,20557.82
South Africa,ZAF,2008,20770.25
South Africa,ZAF,2009,20508.23
South Africa,ZAF,2010,19643.8
South Africa,ZAF,2011,18821.46
South Africa,ZAF,2012,18954.24
South Africa,ZAF,2013,18900.65
South Africa,ZAF,2014,18592.22
South Africa,ZAF,2015,18135.72
South Africa,ZAF,2016,17935.1
South Africa,ZAF,2017,17704.4
South Africa,ZAF,2018,16493.36
South Africa,ZAF,2019,15843.15
South America,,2000,24267.24
South America,,2001,22094.559
South America,,2002,21146.3
South America,,2003,20304.64
South America,,2004,17952.451
South America,,2005,16863.09
South America,,2006,15990.971
South America,,2007,13789.71
South America,,2008,12875.86
South America,,2009,11798.69
South America,,2010,11505.16
South America,,2011,10347.38
South America,,2012,10297.48
South America,,2013,10863.34
South America,,2014,10680.471
South America,,2015,10461.83
South America,,2016,11212.5
South America,,2017,11302.45
South America,,2018,11223.88
South America,,2019,11485.351
South Korea,KOR,2000,333.98
South Korea,KOR,2001,234.24
South Korea,KOR,2002,158.31
South Korea,KOR,2003,109.91
South Korea,KOR,2004,108.84
South Korea,KOR,2005,107.36
South Korea,KOR,2006,116.12
South Korea,KOR,2007,242.4
South Korea,KOR,2008,287.17
South Korea,KOR,2009,458.12
South Korea,KOR,2010,670.96
South Korea,KOR,2011,821.7
South Korea,KOR,2012,888.38
South Korea,KOR,2013,816.53
South Korea,KOR,2014,740.7
South Korea,KOR,2015,734.1
South Korea,KOR,2016,931.99
South Korea,KOR,2017,977.91
South Korea,KOR,2018,1087.3
South Korea,KOR,2019,928.53
South Sudan,SSD,2000,9625.93
South Sudan,SSD,2001,9201.25
South Sudan,SSD,2002,8641.85
South Sudan,SSD,2003,8217.32
South Sudan,SSD,2004,7939.01
South Sudan,SSD,2005,7820.62
South Sudan,SSD,2006,7880.72
South Sudan,SSD,2007,7779.64
South Sudan,SSD,2008,7711.08
South Sudan,SSD,2009,7397.62
South Sudan,SSD,2010,7083.88
South Sudan,SSD,2011,6812.06
South Sudan,SSD,2012,6758.53
South Sudan,SSD,2013,6666.77
South Sudan,SSD,2014,6745.8
South Sudan,SSD,2015,7115.85
South Sudan,SSD,2016,7269.87
South Sudan,SSD,2017,7171.51
South Sudan,SSD,2018,7345.42
South Sudan,SSD,2019,7269.64
Spain,ESP,2000,298.98
Spain,ESP,2001,306.61
Spain,ESP,2002,356.51
Spain,ESP,2003,408.89
Spain,ESP,2004,410.2
Spain,ESP,2005,428.73
Spain,ESP,2006,456.41
Spain,ESP,2007,527.92
Spain,ESP,2008,502.07
Spain,ESP,2009,514.63
Spain,ESP,2010,792.24
Spain,ESP,2011,744.66
Spain,ESP,2012,851.02
Spain,ESP,2013,821.58
Spain,ESP,2014,776.61
Spain,ESP,2015,921.87
Spain,ESP,2016,959.69
Spain,ESP,2017,992.53
Spain,ESP,2018,1022.06
Spain,ESP,2019,1063.62
Sri Lanka,LKA,2000,940.21
Sri Lanka,LKA,2001,931.21
Sri Lanka,LKA,2002,965.01
Sri Lanka,LKA,2003,957.71
Sri Lanka,LKA,2004,1041.44
Sri Lanka,LKA,2005,853.79
Sri Lanka,LKA,2006,663.42
Sri Lanka,LKA,2007,520.05
Sri Lanka,LKA,2008,605.37
Sri Lanka,LKA,2009,588.4
Sri Lanka,LKA,2010,466.52
Sri Lanka,LKA,2011,421.84
Sri Lanka,LKA,2012,421.27
Sri Lanka,LKA,2013,446.65
Sri Lanka,LKA,2014,370.46
Sri Lanka,LKA,2015,454.74
Sri Lanka,LKA,2016,487.73
Sri Lanka,LKA,2017,524.81
Sri Lanka,LKA,2018,565.32
Sri Lanka,LKA,2019,604.67
Sudan,SDN,2000,16600.69
Sudan,SDN,2001,15817.11
Sudan,SDN,2002,15006.36
Sudan,SDN,2003,14162.55
Sudan,SDN,2004,14373.71
Sudan,SDN,2005,13779.04
Sudan,SDN,2006,13364.41
Sudan,SDN,2007,12909.87
Sudan,SDN,2008,12932.98
Sudan,SDN,2009,12513.82
Sudan,SDN,2010,11844.74
Sudan,SDN,2011,10935.5
Sudan,SDN,2012,9481.93
Sudan,SDN,2013,9325.7
Sudan,SDN,2014,10019.7
Sudan,SDN,2015,9283.95
Sudan,SDN,2016,8461.82
Sudan,SDN,2017,8223.1
Sudan,SDN,2018,7297.8
Sudan,SDN,2019,6276.94
Suriname,SUR,2000,44.12
Suriname,SUR,2001,34.39
Suriname,SUR,2002,29.67
Suriname,SUR,2003,30.82
Suriname,SUR,2004,32.5
Suriname,SUR,2005,26.73
Suriname,SUR,2006,28.58
Suriname,SUR,2007,28.44
Suriname,SUR,2008,26.89
Suriname,SUR,2009,28.54
Suriname,SUR,2010,23.89
Suriname,SUR,2011,26.48
Suriname,SUR,2012,30.05
Suriname,SUR,2013,29.75
Suriname,SUR,2014,25.32
Suriname,SUR,2015,27.98
Suriname,SUR,2016,29.18
Suriname,SUR,2017,30.91
Suriname,SUR,2018,30.66
Suriname,SUR,2019,31.46
Sweden,SWE,2000,51.98
Sweden,SWE,2001,85.61
Sweden,SWE,2002,98.6
Sweden,SWE,2003,131.89
Sweden,SWE,2004,58.75
Sweden,SWE,2005,118.33
Sweden,SWE,2006,114
Sweden,SWE,2007,181.75
Sweden,SWE,2008,150.25
Sweden,SWE,2009,379.22
Sweden,SWE,2010,390.76
Sweden,SWE,2011,380.75
Sweden,SWE,2012,333.06
Sweden,SWE,2013,360.43
Sweden,SWE,2014,277.96
Sweden,SWE,2015,259.2
Sweden,SWE,2016,278.99
Sweden,SWE,2017,302.06
Sweden,SWE,2018,271.52
Sweden,SWE,2019,289.32
Switzerland,CHE,2000,27.26
Switzerland,CHE,2001,26.16
Switzerland,CHE,2002,25.58
Switzerland,CHE,2003,45.86
Switzerland,CHE,2004,39.4
Switzerland,CHE,2005,32.59
Switzerland,CHE,2006,46.89
Switzerland,CHE,2007,44.69
Switzerland,CHE,2008,87.65
Switzerland,CHE,2009,78.9
Switzerland,CHE,2010,115.79
Switzerland,CHE,2011,154.19
Switzerland,CHE,2012,137.92
Switzerland,CHE,2013,127.37
Switzerland,CHE,2014,132.93
Switzerland,CHE,2015,172.36
Switzerland,CHE,2016,158.36
Switzerland,CHE,2017,178.76
Switzerland,CHE,2018,182.46
Switzerland,CHE,2019,185.84
Syria,SYR,2000,1262.08
Syria,SYR,2001,1086.18
Syria,SYR,2002,1004.45
Syria,SYR,2003,931.07
Syria,SYR,2004,885.4
Syria,SYR,2005,851.92
Syria,SYR,2006,815.08
Syria,SYR,2007,833.94
Syria,SYR,2008,857.25
Syria,SYR,2009,883.77
Syria,SYR,2010,1002.03
Syria,SYR,2011,951.74
Syria,SYR,2012,1228.09
Syria,SYR,2013,1767.55
Syria,SYR,2014,1824.06
Syria,SYR,2015,1746.04
Syria,SYR,2016,1599.11
Syria,SYR,2017,1699.76
Syria,SYR,2018,2362.45
Syria,SYR,2019,2155.89
Tajikistan,TJK,2000,2656.82
Tajikistan,TJK,2001,2292.07
Tajikistan,TJK,2002,1993.45
Tajikistan,TJK,2003,1735.89
Tajikistan,TJK,2004,1514.59
Tajikistan,TJK,2005,1340.2
Tajikistan,TJK,2006,1217.42
Tajikistan,TJK,2007,1128.35
Tajikistan,TJK,2008,1080.48
Tajikistan,TJK,2009,1060.77
Tajikistan,TJK,2010,1048.23
Tajikistan,TJK,2011,1045.41
Tajikistan,TJK,2012,1042.77
Tajikistan,TJK,2013,1040.26
Tajikistan,TJK,2014,1037.9
Tajikistan,TJK,2015,911.27
Tajikistan,TJK,2016,868.72
Tajikistan,TJK,2017,836.12
Tajikistan,TJK,2018,782.89
Tajikistan,TJK,2019,734
Tanzania,TZA,2000,40322.88
Tanzania,TZA,2001,37098.52
Tanzania,TZA,2002,33532.75
Tanzania,TZA,2003,31419.68
Tanzania,TZA,2004,29039.16
Tanzania,TZA,2005,27153.65
Tanzania,TZA,2006,26255.89
Tanzania,TZA,2007,25668.91
Tanzania,TZA,2008,25983.75
Tanzania,TZA,2009,25148.41
Tanzania,TZA,2010,23645.85
Tanzania,TZA,2011,22814.4
Tanzania,TZA,2012,21274.18
Tanzania,TZA,2013,20741.55
Tanzania,TZA,2014,19974.03
Tanzania,TZA,2015,19502.41
Tanzania,TZA,2016,19371.52
Tanzania,TZA,2017,18792.93
Tanzania,TZA,2018,17970.74
Tanzania,TZA,2019,17586.73
Thailand,THA,2000,6571.05
Thailand,THA,2001,6159.54
Thailand,THA,2002,6062.35
Thailand,THA,2003,5922.68
Thailand,THA,2004,6103.86
Thailand,THA,2005,5803.79
Thailand,THA,2006,5871.34
Thailand,THA,2007,5798.34
Thailand,THA,2008,5761.14
Thailand,THA,2009,5745.79
Thailand,THA,2010,5804.87
Thailand,THA,2011,5829.16
Thailand,THA,2012,5910.53
Thailand,THA,2013,6001.02
Thailand,THA,2014,6210.85
Thailand,THA,2015,6388.01
Thailand,THA,2016,6587.63
Thailand,THA,2017,6701.98
Thailand,THA,2018,6816.06
Thailand,THA,2019,6863.1
Togo,TGO,2000,4450.71
Togo,TGO,2001,4393.23
Togo,TGO,2002,4609.09
Togo,TGO,2003,4428.21
Togo,TGO,2004,4283.74
Togo,TGO,2005,4165.08
Togo,TGO,2006,4195.02
Togo,TGO,2007,4156.01
Togo,TGO,2008,4093.58
Togo,TGO,2009,4142.41
Togo,TGO,2010,4147.77
Togo,TGO,2011,4213.31
Togo,TGO,2012,4138.22
Togo,TGO,2013,3994.8
Togo,TGO,2014,3904.01
Togo,TGO,2015,3697.22
Togo,TGO,2016,3547.5
Togo,TGO,2017,3447.23
Togo,TGO,2018,3288.18
Togo,TGO,2019,3190
Tonga,TON,2000,5.62
Tonga,TON,2001,5.65
Tonga,TON,2002,5.56
Tonga,TON,2003,5.39
Tonga,TON,2004,5.27
Tonga,TON,2005,4.89
Tonga,TON,2006,4.97
Tonga,TON,2007,5.12
Tonga,TON,2008,5.11
Tonga,TON,2009,5.06
Tonga,TON,2010,5.38
Tonga,TON,2011,5.29
Tonga,TON,2012,5.24
Tonga,TON,2013,5.11
Tonga,TON,2014,5
Tonga,TON,2015,4.85
Tonga,TON,2016,4.61
Tonga,TON,2017,4.49
Tonga,TON,2018,4.27
Tonga,TON,2019,4.01
Trinidad and Tobago,TTO,2000,27.68
Trinidad and Tobago,TTO,2001,30.79
Trinidad and Tobago,TTO,2002,22.95
Trinidad and Tobago,TTO,2003,36.74
Trinidad and Tobago,TTO,2004,20.34
Trinidad and Tobago,TTO,2005,25.75
Trinidad and Tobago,TTO,2006,23.17
Trinidad and Tobago,TTO,2007,16.36
Trinidad and Tobago,TTO,2008,21.54
Trinidad and Tobago,TTO,2009,17.73
Trinidad and Tobago,TTO,2010,19.36
Trinidad and Tobago,TTO,2011,18.78
Trinidad and Tobago,TTO,2012,20.45
Trinidad and Tobago,TTO,2013,19.01
Trinidad and Tobago,TTO,2014,18.67
Trinidad and Tobago,TTO,2015,18.24
Trinidad and Tobago,TTO,2016,18.28
Trinidad and Tobago,TTO,2017,18.1
Trinidad and Tobago,TTO,2018,18.1
Trinidad and Tobago,TTO,2019,17.99
Tunisia,TUN,2000,361.33
Tunisia,TUN,2001,327.95
Tunisia,TUN,2002,303.11
Tunisia,TUN,2003,264.83
Tunisia,TUN,2004,246.44
Tunisia,TUN,2005,230.28
Tunisia,TUN,2006,220.24
Tunisia,TUN,2007,212.74
Tunisia,TUN,2008,207.66
Tunisia,TUN,2009,204.55
Tunisia,TUN,2010,202.65
Tunisia,TUN,2011,203.83
Tunisia,TUN,2012,199.53
Tunisia,TUN,2013,195.1
Tunisia,TUN,2014,190.96
Tunisia,TUN,2015,186.1
Tunisia,TUN,2016,184.65
Tunisia,TUN,2017,185.77
Tunisia,TUN,2018,185.22
Tunisia,TUN,2019,184.08
Turkey,TUR,2000,2077.4
Turkey,TUR,2001,1997.81
Turkey,TUR,2002,1892.65
Turkey,TUR,2003,1741.35
Turkey,TUR,2004,1534.16
Turkey,TUR,2005,1350.68
Turkey,TUR,2006,1235.89
Turkey,TUR,2007,1120.66
Turkey,TUR,2008,1056.69
Turkey,TUR,2009,887.36
Turkey,TUR,2010,772.51
Turkey,TUR,2011,768.28
Turkey,TUR,2012,808.78
Turkey,TUR,2013,812.01
Turkey,TUR,2014,770.13
Turkey,TUR,2015,730.78
Turkey,TUR,2016,710.61
Turkey,TUR,2017,718.43
Turkey,TUR,2018,725.9
Turkey,TUR,2019,740.7
Turkmenistan,TKM,2000,1137.01
Turkmenistan,TKM,2001,992.23
Turkmenistan,TKM,2002,860.64
Turkmenistan,TKM,2003,749.18
Turkmenistan,TKM,2004,664.66
Turkmenistan,TKM,2005,597.71
Turkmenistan,TKM,2006,547.26
Turkmenistan,TKM,2007,505.33
Turkmenistan,TKM,2008,474.56
Turkmenistan,TKM,2009,454.66
Turkmenistan,TKM,2010,443.46
Turkmenistan,TKM,2011,439.73
Turkmenistan,TKM,2012,437.03
Turkmenistan,TKM,2013,431.89
Turkmenistan,TKM,2014,425.04
Turkmenistan,TKM,2015,417.02
Turkmenistan,TKM,2016,407.13
Turkmenistan,TKM,2017,394.09
Turkmenistan,TKM,2018,374.93
Turkmenistan,TKM,2019,350.28
Uganda,UGA,2000,23913.14
Uganda,UGA,2001,23769.64
Uganda,UGA,2002,21652.15
Uganda,UGA,2003,20813.48
Uganda,UGA,2004,21655.38
Uganda,UGA,2005,20231.56
Uganda,UGA,2006,18823.4
Uganda,UGA,2007,17379.77
Uganda,UGA,2008,16667.68
Uganda,UGA,2009,16425.24
Uganda,UGA,2010,16001.4
Uganda,UGA,2011,16071.27
Uganda,UGA,2012,15231.57
Uganda,UGA,2013,14537.07
Uganda,UGA,2014,13966.78
Uganda,UGA,2015,13537.25
Uganda,UGA,2016,13231.98
Uganda,UGA,2017,12561.99
Uganda,UGA,2018,12149.69
Uganda,UGA,2019,12103.31
Ukraine,UKR,2000,203.35
Ukraine,UKR,2001,177.73
Ukraine,UKR,2002,157.83
Ukraine,UKR,2003,140.66
Ukraine,UKR,2004,124.76
Ukraine,UKR,2005,116.22
Ukraine,UKR,2006,111.78
Ukraine,UKR,2007,114.36
Ukraine,UKR,2008,133.66
Ukraine,UKR,2009,171.63
Ukraine,UKR,2010,204.52
Ukraine,UKR,2011,209.7
Ukraine,UKR,2012,197.81
Ukraine,UKR,2013,214.17
Ukraine,UKR,2014,275.23
Ukraine,UKR,2015,297.44
Ukraine,UKR,2016,302.71
Ukraine,UKR,2017,260.83
Ukraine,UKR,2018,225.59
Ukraine,UKR,2019,188.9
United Arab Emirates,ARE,2000,46.7
United Arab Emirates,ARE,2001,47.66
United Arab Emirates,ARE,2002,46.13
United Arab Emirates,ARE,2003,46.67
United Arab Emirates,ARE,2004,51.14
United Arab Emirates,ARE,2005,56.52
United Arab Emirates,ARE,2006,63.9
United Arab Emirates,ARE,2007,71.67
United Arab Emirates,ARE,2008,79.93
United Arab Emirates,ARE,2009,85.69
United Arab Emirates,ARE,2010,88.17
United Arab Emirates,ARE,2011,90.02
United Arab Emirates,ARE,2012,90.09
United Arab Emirates,ARE,2013,86.91
United Arab Emirates,ARE,2014,84.42
United Arab Emirates,ARE,2015,81.58
United Arab Emirates,ARE,2016,81.44
United Arab Emirates,ARE,2017,83.49
United Arab Emirates,ARE,2018,87.97
United Arab Emirates,ARE,2019,92.15
United Kingdom,GBR,2000,610.75
United Kingdom,GBR,2001,860.32
United Kingdom,GBR,2002,976.04
United Kingdom,GBR,2003,1223.83
United Kingdom,GBR,2004,1542.41
United Kingdom,GBR,2005,2371.93
United Kingdom,GBR,2006,3901.27
United Kingdom,GBR,2007,4563.79
United Kingdom,GBR,2008,3042.11
United Kingdom,GBR,2009,2076.49
United Kingdom,GBR,2010,1442.66
United Kingdom,GBR,2011,2085.86
United Kingdom,GBR,2012,1911.12
United Kingdom,GBR,2013,1907.51
United Kingdom,GBR,2014,1528.13
United Kingdom,GBR,2015,1653.26
United Kingdom,GBR,2016,1540.88
United Kingdom,GBR,2017,1586.74
United Kingdom,GBR,2018,1595.04
United Kingdom,GBR,2019,1598.83
United States,USA,2000,1962.54
United States,USA,2001,2175.73
United States,USA,2002,3116.56
United States,USA,2003,3740.46
United States,USA,2004,5017.39
United States,USA,2005,6365.75
United States,USA,2006,7378.73
United States,USA,2007,7556.19
United States,USA,2008,8677.2
United States,USA,2009,10671.03
United States,USA,2010,10665.94
United States,USA,2011,11428.21
United States,USA,2012,10981.81
United States,USA,2013,10894.78
United States,USA,2014,10023.73
United States,USA,2015,10311.46
United States,USA,2016,9566.45
United States,USA,2017,9069.03
United States,USA,2018,9865.18
United States,USA,2019,9954.62
Uruguay,URY,2000,101.21
Uruguay,URY,2001,76.37
Uruguay,URY,2002,79.38
Uruguay,URY,2003,94.85
Uruguay,URY,2004,92.06
Uruguay,URY,2005,77.28
Uruguay,URY,2006,62.79
Uruguay,URY,2007,83.56
Uruguay,URY,2008,100.71
Uruguay,URY,2009,71.32
Uruguay,URY,2010,134.1
Uruguay,URY,2011,116.85
Uruguay,URY,2012,134.58
Uruguay,URY,2013,154.52
Uruguay,URY,2014,157.49
Uruguay,URY,2015,164.14
Uruguay,URY,2016,107.92
Uruguay,URY,2017,105.02
Uruguay,URY,2018,130.84
Uruguay,URY,2019,134.31
Uzbekistan,UZB,2000,4339.02
Uzbekistan,UZB,2001,3832.51
Uzbekistan,UZB,2002,3403.37
Uzbekistan,UZB,2003,2997.43
Uzbekistan,UZB,2004,2643.76
Uzbekistan,UZB,2005,2347.45
Uzbekistan,UZB,2006,2100.32
Uzbekistan,UZB,2007,1896.54
Uzbekistan,UZB,2008,1742.83
Uzbekistan,UZB,2009,1612.65
Uzbekistan,UZB,2010,1485.58
Uzbekistan,UZB,2011,1358.54
Uzbekistan,UZB,2012,1237.55
Uzbekistan,UZB,2013,1129.66
Uzbekistan,UZB,2014,957.62
Uzbekistan,UZB,2015,820.35
Uzbekistan,UZB,2016,817.77
Uzbekistan,UZB,2017,741.17
Uzbekistan,UZB,2018,663.36
Uzbekistan,UZB,2019,599.03
Vanuatu,VUT,2000,76.01
Vanuatu,VUT,2001,77.58
Vanuatu,VUT,2002,76.42
Vanuatu,VUT,2003,78.56
Vanuatu,VUT,2004,79.17
Vanuatu,VUT,2005,82.4
Vanuatu,VUT,2006,85.31
Vanuatu,VUT,2007,85.17
Vanuatu,VUT,2008,83.92
Vanuatu,VUT,2009,85.14
Vanuatu,VUT,2010,83.66
Vanuatu,VUT,2011,80.91
Vanuatu,VUT,2012,81.62
Vanuatu,VUT,2013,80.48
Vanuatu,VUT,2014,79.03
Vanuatu,VUT,2015,79.72
Vanuatu,VUT,2016,80.52
Vanuatu,VUT,2017,80.85
Vanuatu,VUT,2018,80.59
Vanuatu,VUT,2019,79.89
Venezuela,VEN,2000,1954.93
Venezuela,VEN,2001,1882.46
Venezuela,VEN,2002,1904.75
Venezuela,VEN,2003,2317.08
Venezuela,VEN,2004,1868.28
Venezuela,VEN,2005,1671.73
Venezuela,VEN,2006,1426.29
Venezuela,VEN,2007,1271.46
Venezuela,VEN,2008,1092.28
Venezuela,VEN,2009,959.62
Venezuela,VEN,2010,1044.41
Venezuela,VEN,2011,1009.93
Venezuela,VEN,2012,932.5
Venezuela,VEN,2013,960.94
Venezuela,VEN,2014,1280.38
Venezuela,VEN,2015,994.88
Venezuela,VEN,2016,1365.7
Venezuela,VEN,2017,1359.17
Venezuela,VEN,2018,1363.77
Venezuela,VEN,2019,1359.05
Vietnam,VNM,2000,8614.92
Vietnam,VNM,2001,8029.99
Vietnam,VNM,2002,7578.63
Vietnam,VNM,2003,7309.52
Vietnam,VNM,2004,7158.35
Vietnam,VNM,2005,6761.08
Vietnam,VNM,2006,6534.6
Vietnam,VNM,2007,6400
Vietnam,VNM,2008,6273.48
Vietnam,VNM,2009,5912.31
Vietnam,VNM,2010,5577.15
Vietnam,VNM,2011,5472.12
Vietnam,VNM,2012,5317.1
Vietnam,VNM,2013,5149.8
Vietnam,VNM,2014,4624.14
Vietnam,VNM,2015,4941.7
Vietnam,VNM,2016,4852.54
Vietnam,VNM,2017,4819.34
Vietnam,VNM,2018,4727.6
Vietnam,VNM,2019,4389.59
World,OWID_WRL,2000,2647914.5
World,OWID_WRL,2001,2548516.5
World,OWID_WRL,2002,2479035.2
World,OWID_WRL,2003,2359670.5
World,OWID_WRL,2004,2249518.8
World,OWID_WRL,2005,2168748.2
World,OWID_WRL,2006,2157724
World,OWID_WRL,2007,2130330
World,OWID_WRL,2008,2078843.5
World,OWID_WRL,2009,1981062.1
World,OWID_WRL,2010,1924546.5
World,OWID_WRL,2011,1894804.1
World,OWID_WRL,2012,1834726.1
World,OWID_WRL,2013,1788286.8
World,OWID_WRL,2014,1718586.1
World,OWID_WRL,2015,1670058
World,OWID_WRL,2016,1638146.4
World,OWID_WRL,2017,1619009.4
World,OWID_WRL,2018,1570274.5
World,OWID_WRL,2019,1519228.9
Yemen,YEM,2000,10190.89
Yemen,YEM,2001,10339.08
Yemen,YEM,2002,9515.68
Yemen,YEM,2003,8434.06
Yemen,YEM,2004,7551.06
Yemen,YEM,2005,7371.85
Yemen,YEM,2006,6835.6
Yemen,YEM,2007,6794.81
Yemen,YEM,2008,6309.26
Yemen,YEM,2009,5760.31
Yemen,YEM,2010,5272.37
Yemen,YEM,2011,5305.59
Yemen,YEM,2012,5133.22
Yemen,YEM,2013,5013.84
Yemen,YEM,2014,4922.75
Yemen,YEM,2015,4965.17
Yemen,YEM,2016,4937.24
Yemen,YEM,2017,4989.41
Yemen,YEM,2018,4770.57
Yemen,YEM,2019,4371.76
Zambia,ZMB,2000,16591.79
Zambia,ZMB,2001,15944.77
Zambia,ZMB,2002,13926.23
Zambia,ZMB,2003,13411.35
Zambia,ZMB,2004,13017.19
Zambia,ZMB,2005,12178.05
Zambia,ZMB,2006,11604.57
Zambia,ZMB,2007,10819.07
Zambia,ZMB,2008,10356.35
Zambia,ZMB,2009,10138.17
Zambia,ZMB,2010,9387.06
Zambia,ZMB,2011,9237.28
Zambia,ZMB,2012,8860.02
Zambia,ZMB,2013,8611
Zambia,ZMB,2014,8105.16
Zambia,ZMB,2015,7579.64
Zambia,ZMB,2016,7280.3
Zambia,ZMB,2017,7164.54
Zambia,ZMB,2018,6758.19
Zambia,ZMB,2019,6275.29
Zimbabwe,ZWE,2000,3906.53
Zimbabwe,ZWE,2001,3779.73
Zimbabwe,ZWE,2002,3791.84
Zimbabwe,ZWE,2003,3819.47
Zimbabwe,ZWE,2004,4253.83
Zimbabwe,ZWE,2005,4642.78
Zimbabwe,ZWE,2006,5163.7
Zimbabwe,ZWE,2007,5798.91
Zimbabwe,ZWE,2008,7373.97
Zimbabwe,ZWE,2009,7931.69
Zimbabwe,ZWE,2010,7287.06
Zimbabwe,ZWE,2011,7331.71
Zimbabwe,ZWE,2012,7096.47
Zimbabwe,ZWE,2013,6791.2
Zimbabwe,ZWE,2014,6150.21
Zimbabwe,ZWE,2015,5736.66
Zimbabwe,ZWE,2016,5482.07
Zimbabwe,ZWE,2017,4948.84
Zimbabwe,ZWE,2018,4801.96
Zimbabwe,ZWE,2019,4594.6